지우	"저도 그런 부탁을 받게 되어 정말 기뻤어요. '그럼 저를 위해서든,' 삼촌이 대답했어. '아니면 [MASK]를 위해서든, 혹은 우리 둘 다를 위해서든요. 내일이 누구 생일인 것 같거든요.'"
정조	"나는 [MASK]의 부인이 의심조차 받지 말아야 하는 것처럼, 나 자신도 그 어떤 의혹보다 높은 곳에 있다고 느낀다네." 그의 가벼운 태도와 마치 공을 던지듯 문제를 다루는 공정함은 그 누구도 따라올 수 없는 것이었지!
구자경	그놈의 음침한 표정 때문에 그녀는 종종 꿈을 꿨어. 그놈이 주머니에서 손도끼를 꺼내 [MASK]의 머리를 찍어버리는 꿈 말이야. (아이는 두려움도 없이 그놈 뒤를 졸졸 따라다니며 사사건건 놀려댔지.)
은수	"진정한 우정은 드물고, 불행히도 너무 늦을 때까지 진지하게 생각하지 못하는 사람들이 많아요." [MASK]은 그런 감정이 주는 비참함을 뼈저리게 느꼈어.
은수	그날 아침, [MASK]은 아버지와 단둘이 있게 되자 아버지가 그녀의 외모를 칭찬하기 시작했어. 아버지는 그녀의 얼굴 살이 좀 올랐고, 피부 결이나 안색이 전보다 훨씬 맑고 생기 있어 보인다고 생각했지.
준우	"저는 [MASK]과 6주 동안 함께 지냈고, 그가 행복해하는 걸 보았습니다. 제겐 그보다 더한 즐거움은 없었고, 가질 자격도 없었죠. 그는 당신의 안부를 아주 자세히 물었습니다. 당신이 변했을지 궁금해하더군요. 제 눈엔 당신이 절대 변할 리 없다는 걸 꿈에도 모른 채 말이죠."
은수	하지만 그녀는 자신이 누군가에게 상처를 주고 있다는 사실을 전혀 눈치채지 못했어. "몰라볼 정도로 변했네." [MASK]은 깊은 수치심 속에서 그 말을 묵묵히 받아들였어. 의심할 여지 없이 사실이었고, 그는 변하지 않았기에 그녀에게 복수할 수도 없었지.
지수	"그를 정말 사랑했어요! 당신이 그를 가졌어도 상관없었죠. 하지만 이즈에 관한 건 너무하잖아요!" 몽롱한 목소리로 그녀가 말했어. 그 말에 너무 놀란 [MASK]은 낫으로 손가락을 자를 뻔했어.
지수	"우리 가족을 위한 마차였을지도 몰라!" 마침내 결심을 굳힌 [MASK]은 덜 불안해 보였어. 아버지를 위해 다른 말을 구할 수 있다는 생각에, 그녀는 그리 힘들지 않은 일을 하며 평소처럼 자기 일을 해나갔지.
지수	다른 일꾼들 사이에서 [MASK]의 차분하고 풍성한 목소리가 들려오자마자, 어둠의 여왕이라 불리는 여자는 오랫동안 억눌러왔던 경쟁심에 불타올랐어. 그녀는 자리에서 벌떡 일어나 자기가 싫어하는 그 대상을 정면으로 쏘아보았지.
지수	그는 그녀가 그 금지령을 곧 풀어주기를 바랐어. 그는 부부가 [MASK]의 성인 '우'씨를 따르자고 제안했지. 그게 남편의 성보다 훨씬 고귀하다면서 말이야. 그는 오늘 그녀에게 온 편지가 있는지 물었어.
강민	"나는 산 위에서 예배를 드린다고 생각했는데, 여전히 숲에서 세속을 섬기고 있었군! 하하!" "오, [MASK] 도련님! 이게 대체 무슨 뜻인가요? 제가 무슨 잘못을 했다고!" "잘못?" 그가 영혼 없는 비웃음을 흘리며 말했어.
지수	[MASK]은 너무 놀라 좌석 뒤로 몸을 바짝 붙였고, 그는 말을 더 세게 몰아 그녀를 더 흔들어댔어. "다른 방법은 없나요?" 절망에 빠진 그녀가 외쳤어. 그녀의 커다란 눈은 겁에 질린 야생 동물처럼 그를 빤히 쳐다봤지.
지수	[MASK]은 결국 가기로 했어. 일주일 내내 양계장에서 단조로운 일만 하던 그녀에게, 동료들의 유쾌한 분위기는 전염성이 강해서 생각보다 여행이 즐거웠지. 그녀는 그 후로도 몇 번이고 그곳을 찾았어.
지수	하지만 [MASK]과 그녀의 어머니가 사는 집에는 그 어떤 농부도 소를 보내주지 않았어. 그들은 그저 여자들일 뿐이었고, 정식 일꾼도 아니었으며, 딱히 어디서 필요로 하는 사람들도 아니었으니까. 그래서 직접 돈을 내고 달구지를 빌려야 했고, 아무런 도움도 받지 못했지.
지수	날이 밝고 일상이 시작되자 그 환상적인 분위기는 사라졌어. [MASK]은 그 기묘하고 신비로운 아름다움을 잃었지. 햇살 아래 반짝이는 그녀의 입술과 눈은 이제 다시 평범한 과수원 일꾼의 모습일 뿐이었고, 그녀는 다시 세상의 다른 여자들과 맞서 자신을 지켜내야 했어.
안 대리	그러자 그가 조용히 나타났어. "안 대리, [MASK] 씨, 고향이 어디요?" "말씀드리고 싶지 않습니다." "그럼 당신에 대해 뭐든 좀 말해줄 수 있나요?" "하고 싶지 않습니다."
안 대리	마침내 보입니다, 느껴집니다. 내 인생의 예정된 목적을 꿰뚫어 보게 되었습니다. 만족합니다. 다른 이들은 더 숭고한 역할을 수행할지 모르나, [MASK], 이 세상에서 제 사명은 당신이 머물고 싶을 때까지 사무실 자리를 내어주는 것입니다.
안 대리	그가 우리 팀에 합류한 지 사흘째 되는 날이었을 겁니다. 서류 검토를 시킬 일도 생기기 전이었죠. 급하게 처리해야 할 업무 때문에 바빴던 저는 갑자기 [MASK]을 불렀습니다.
안 대리	시간이 흐를수록 나는 이 서기 때문에 겪는 내 고난이 이미 영겁 전부터 정해진 운명이라는 확신에 빠졌어. [MASK]은 어떤 신비로운 목적을 위해 내게 배정된 존재였고, 일개 필멸자인 내가 감히 그 깊은 뜻을 헤아릴 수는 없었지.
안 대리	며칠 뒤, 다른 직원들은 자리를 비웠고 나는 우편으로 보낼 편지들을 서둘러 처리해야 했어. 다른 할 일도 없으니 [MASK]이 이번만큼은 고집을 꺾고 편지들을 우체국에 가져다줄 거라고 생각했지.
안 대리	하지만 어느 날 오후, 내 안의 나쁜 충동이 나를 지배했고 다음과 같은 상황이 벌어졌어. "[MASK] 씨," 내가 말했지. "그 서류들 복사가 다 끝나면 같이 대조해 봅시다." "하고 싶지 않습니다." "뭐라고요?
안 대리	그동안 [MASK]은 자기만의 칸막이 안에 앉아 자신의 독특한 업무 외에는 모든 것을 잊은 듯했어. 며칠이 지났고 그 서기는 또 다른 방대한 작업에 매달렸지. 그의 최근 기이한 행동 때문에 나는 그의 일거수일투족을 유심히 지켜보게 되었어.
안 대리	가끔 바쁜 업무를 처리하다 보면, 나도 모르게 다급한 목소리로 [MASK]을 부르곤 했다. 서류를 묶을 빨간 끈의 매듭 위에 손가락을 좀 대달라는 식의 사소한 심부름을 시키기 위해서였다.
안 대리	기묘한 발견을 할 것 같은 예감이 나를 맴돌았어. 그 서기의 창백한 모습이 낯선 사람들 사이에 놓인 수의처럼 보였지. 그때 문득 잠겨 있는 [MASK]의 책상이 내 눈에 들어왔어. 열쇠는 꽂힌 채 그대로였지.
안 대리	즉시 내 귀를 의심했거나, 아니면 [MASK]이 내 말을 완전히 잘못 알아들었을 거라는 생각이 들었어. 나는 내가 낼 수 있는 가장 또렷한 목소리로 다시 부탁했지. 하지만 돌아온 대답은 아까와 똑같이 선명했어. "하고 싶지 않습니다."
안 대리	"[MASK] 씨, 오늘은 점심 안 먹겠습니다." 그가 고개를 돌리며 말했어. "저랑은 잘 안 맞네요. 점심 먹는 게 익숙하지 않아서요." 그렇게 말하고 그는 천천히 담벼락 쪽으로 자리를 옮겨 벽을 마주 보고 섰어.
안 대리	이런 슬픈 환상들, 아마도 피곤한 뇌가 만들어낸 망상이었겠지만, 이런 생각들은 [MASK]의 기이함에 대한 더 구체적인 생각들로 이어졌어. 기묘한 발견을 할 것 같은 예감이 나를 맴돌았지. 창백한 서기의 모습이 마치 수의에 싸여 낯선 이들 사이에 누워 있는 것 같았어.
안 대리	날이 갈수록 나는 [MASK]에게 꽤 익숙해졌어. 그의 성실함, 흐트러짐 없는 태도, (칸막이 뒤에 서서 멍하니 사색에 잠길 때를 빼면) 끊임없는 근면함, 그리고 어떤 상황에서도 변치 않는 침착함은 그를 아주 소중한 직원으로 만들었지.
안 대리	나는 그를 변호사 사무실로 불렀고, 변호사는 우리를 두고 나갔어. "[MASK] 씨," 내가 말했어. "사무실에서 해고된 뒤에도 복도에 계속 버티고 앉아 있는 게 나한테 얼마나 큰 골칫거리인지 알고는 있습니까?"
안 대리	내가 느낀 놀라움, 아니 경악을 상상해 보게. [MASK]은 자기 자리에서 움직이지도 않고 특유의 온화하면서도 단호한 목소리로 대답했어. "하고 싶지 않습니다." 나는 멍해진 정신을 가다듬으며 한동안 침묵 속에 앉아 있었지.
서현	내가 이 말을 인정해야 할까요? 그날 오후 나는 그에게 더 이상 아무 말도 하지 않고 사무실을 나왔습니다. 그 후 며칠 동안 틈틈이 시간을 내어 "[MASK]의 의지론"과 "운명론에 관한 고찰" 같은 책들을 뒤적거리며 시간을 보냈죠.
안 대리	"내일이나 모레쯤엔 서류 검토를 좀 도와주겠다고 말해봐요. 아니, 그냥 하루 이틀 안에는 좀 말이 통하는 사람이 되겠다고만이라도 말해봐요. 그렇게 좀 해봐요, [MASK] 씨." "지금은 별로 말이 통하는 사람이 되고 싶지 않네요." 그가 특유의 창백하고 힘없는 목소리로 대답했습니다.
안 대리	가끔 내게 용무가 있는 변호사가 사무실에 찾아왔다가 서기 말고는 아무도 없는 걸 보고, 내 행방에 대해 정확한 정보를 얻으려 애쓰곤 했습니다. 하지만 [MASK]은 그의 실속 없는 말에는 아랑곳하지 않고 방 한가운데에 미동도 없이 서 있곤 했죠.
안 대리	내 놀란 눈으로 직접 확인한 [MASK]에 대한 모습, 그것이 내가 아는 그의 전부입니다. 물론 나중에 전해 들은 모호한 소문 하나가 있긴 하지만요. 처음 내 앞에 나타났던 그 서기를 소개하기 전에, 먼저 해야 할 말이 있습니다.
안 대리	"[MASK]하지 않는 편을 택하겠습니다." 그는 예의 바르지만 느릿하게 말하고는 조용히 사라졌습니다. "아주 좋습니다, [MASK] 씨." 나는 아주 차분하면서도 엄격하게, 곧 닥쳐올 무서운 대가를 암시하는 목소리로 대답했습니다.
안 대리	담당 공무원을 찾아가 방문 목적을 설명하자, 내가 묘사한 그 사람이 정말 안에 있다는 답이 돌아왔습니다. 나는 그 관리에게 [MASK]이 비록 설명할 수 없을 만큼 기이하긴 해도, 아주 정직한 사람이며 동정받아 마땅한 처지라고 간곡히 설명했습니다.
안 대리	다른 필사원들의 삶에 대해서라면 내가 전기를 한 권 써낼 수도 있겠지만, [MASK]에 대해서는 그럴 수가 없습니다. 이 사람에 대해서는 만족스러운 평전을 쓸 만한 그 어떤 자료도 남아있지 않기 때문입니다. 이건 문학계의 회복할 수 없는 손실입니다.
안 대리	그는 [MASK]의 그 마지막 말을 엿들었습니다. "'안 하는 편을 택하겠다'고요?" 니퍼스가 이를 갈며 말했습니다. "저라면 차라리 그놈을 '선택'해 버리겠는데요, 부장님. 저 고집불통 미련곰탱이 같은 놈한테 아주 확실한 선택지를 줘버리겠다고요!"
안 대리	또 며칠이 지났습니다. [MASK]의 눈 상태가 좋아졌는지 아닌지는 알 수 없었습니다. 겉보기에는 좋아진 것 같았지만, 내가 물어봐도 그는 아무런 대답도 해주지 않았습니다. 어쨌든 그는 더 이상 아무런 복사 작업도 하지 않았습니다.
안 대리	내 구인 광고를 보고, 어느 여름날 아침 한 젊은이가 사무실 문턱에 미동도 없이 서 있었습니다. 문은 열려 있었죠. 지금도 그 모습이 선합니다. 창백할 정도로 깔끔하고, 애처로울 만큼 단정하며, 구제 불능일 정도로 쓸쓸해 보이던 그 실루엣! 바로 [MASK]이었습니다.
안 대리	그래요, [MASK] 씨, 거기 칸막이 뒤에 그대로 계세요. 나는 생각했습니다. 더 이상 당신을 괴롭히지 않겠습니다. 당신은 여기 있는 낡은 의자들처럼 아무런 해가 없고 조용하니까요. 요컨대, 당신이 여기 있다는 걸 알 때 나는 가장 완벽한 사생활을 보장받는 기분이 듭니다.
안 대리	다음 날 나는 [MASK]이 벽만 바라보며 멍하니 창가에 서 있는 것 말고는 아무것도 하지 않는다는 걸 알게 됐습니다. 왜 글을 쓰지 않느냐고 묻자, 그는 더 이상 아무것도 쓰지 않기로 결심했다고 말했습니다. "아니, 갑자기 왜요? 대체 무슨 일입니까?"
안 대리	결국 업무상 필요가 다른 모든 고려 사항을 압도하게 되었습니다. 나는 최대한 예의를 갖춰 [MASK]에게 엿새 안으로 조건 없이 사무실을 나가야 한다고 말했습니다. 그동안 다른 거처를 구할 방도를 찾아보라고 경고도 덧붙였죠.
안 대리	그리하여 어떤 의미에서는 사생활과 공동체 생활이 공존하게 되었습니다. 처음에 [MASK]은 엄청난 양의 글을 썼습니다. 마치 오랫동안 복사할 거리에 굶주렸던 사람처럼, 내 서류들을 집어삼키는 것 같았죠. 소화할 틈도 없이 말입니다.
안 대리	나의 맹목적인 고집이 다시 살아났습니다. 이 여위고 돈 한 푼 없는 놈, 내가 고용한 직원에게 이보다 더 수치스럽게 거절당할 일이 또 있을까요? 아주 합리적인 부탁인데 그가 분명히 거절할 만한 일이 또 뭐가 있을까요? "[MASK] 씨!"
지수	하지만 잎과 꽃이 무성해지면 저 죽은 나무를 뒤덮은 장미들이 죽은 가지를 다 가려줄 거야. 그럼 더 이상 죽은 것처럼 보이지 않겠지. 세상에서 가장 예쁜 곳이 될 거야." [MASK]은 여전히 나무를 바라보며 생각에 잠겼습니다.
지수	"그는 내 유일한 친구예요." "난 친구가 한 명도 없어." [MASK]이 말했습니다. "단 한 번도 없었지. 유모는 나를 싫어했고 난 누구와도 놀아본 적이 없어."
은우	"그리고 난 문으로 들어온 게 아니야. 담을 넘어서 왔지. 지난 2년 동안은 류머티즘 때문에 그러질 못했어." "당신이 와서 가지치기를 좀 해줬군요!" [MASK]이 외쳤습니다.
지수	"나만의 정원을 가질 수 있어!" [MASK]이 외쳤습니다. "내가 원하는 곳에 정원을 만들 거야! 당분간 가정교사 같은 건 필요 없어! 너희 어머니가 나를 보러 오실 거고, 나도 너희 집으로 놀러 갈 거야!"
지수	"그 선생님이 다른 의사분한테 꽤 거칠게 말씀하시더라고요. 예의는 갖췄지만요. 약을 너무 많이 썼고 아이가 제멋대로 하게 너무 내버려 뒀다면서요." "[MASK]은 정말 버릇없는 아이인 것 같아." 지수가 말했어.
지수	"넌 꼭 울새 같아." 어느 날 아침 그가 고개를 들어 곁에 서 있는 그녀를 보고 말했어. "언제 나타날지, 어느 쪽에서 나타날지 도통 알 수가 없거든." "그 울새랑 난 이제 친구야." [MASK]이 말했어.
준서	"그건 벽에 있는 담쟁이넝쿨 아래에 있어." 만약 준서가 튼튼하고 건강한 아이였다면 [MASK]은 아마도 "만세! 만세!"라고 소리쳤겠지만, 그는 약하고 신경질적이었어. 그의 눈은 점점 커졌고 숨을 가쁘게 몰아쉬었지.
지수	"하지만 볼 건 아무것도 없네." [MASK]은 아무런 대답도 하지 않았어. 그녀는 길을 따라 내려가 두 번째 초록색 문을 통과했어. 거기엔 더 많은 벽과 채소밭, 비닐하우스가 있었지만, 두 번째 벽에도 초록색 문이 하나 더 있었고 그 문은 닫혀 있었지.
지수	"하지만 그게 다가 아니야." [MASK]은 엄숙한 흥분에 휩싸여 창백해진 얼굴로 말을 이어갔어. "나머지는 더 대단해. 정원으로 들어가는 문이 있어. 내가 찾았어. 벽에 있는 담쟁이넝쿨 아래에 숨겨져 있었어."
은우	"우리 [MASK]은 혼자서 저 뒷산에 가서 몇 시간이고 놀곤 해요. 그렇게 조랑말이랑 친구가 된 거죠. 산에는 걔를 알아보는 양들도 있고, 걔 손바닥 위에 앉아서 모이를 먹는 새들도 있어요."
지수	"내가 이상한 놈이라고 생각하는 거 알아." 그가 말했어. "하지만 너도 내가 본 애들 중에 제일 희한한 계집애야." 그러자 [MASK]이 이상한 행동을 했어. 몸을 앞으로 기울여 평소라면 누구에게도 묻지 않았을 질문을 던진 거지.
지수	"그 애는 이제 겨우 네 살이야. 가끔 보면 네가 머리가 좀 어떻게 된 거 아닌가 싶다니까." [MASK]은 그 말을 듣고 한 시간 동안 뾰로통한 표정을 지었지만, 그 덕분에 완전히 새로운 생각들을 하게 되었어.
지수	"네 정원은 어디 있니?" [MASK]의 가느다란 두 손이 무릎 위에서 서로를 꼭 쥐었어. 무슨 말을 해야 할지 몰라 그녀는 일 분 동안 아무 말도 하지 못했어. 이런 상황은 단 한 번도 생각해본 적이 없었거든. 그녀는 비참한 기분이 들었지.
지수	"이 나무에 아직 초록빛이 남아있어. 이것 좀 봐." 그가 말하기도 전에 [MASK]은 무릎을 굽히고 앉아 온 힘을 다해 바라보았어. "이렇게 약간 초록빛이 돌고 생기가 있으면, 이건 살아있는 거야." 그가 설명했지.
지수	"그리고 제발... 제발 당분간은 가정교사 선생님을 붙이지 말아 주세요." 그는 다시 이마를 문지르며 그녀를 빤히 쳐다보았어. "그 박 씨 아줌마가 말했던 게 바로 이거였군." 그가 혼잣말로 중얼거렸지. 그때 [MASK]이 작은 용기를 냈어.
지수	"이것들이 어떻게 밀고 올라왔는지 좀 봐요, 여기도, 여기도요! 어머! 이것 좀 보세요!" 그가 무릎을 꿇고 엎드리자 [MASK]도 그 옆에 같이 엎드렸어. 그들은 보라색과 주황색, 금색으로 활짝 피어난 꽃무더기를 발견했지.
지수	"그는 아주 화를 내면서 사람들이 자기를 꼽추라고 생각해서 쳐다보는 거라고 말했어요. 그러다 열이 올라서 밤새 앓아누웠대요." "만약 그가 나한테 화를 낸다면, 난 다시는 그를 보러 가지 않을 거야." [MASK]이 말했어.
준서	"아무도 모르게 준서를 그 정원에 데려가는 게 가능할까요? 유명한 교수님은 그에게 신선한 공기가 꼭 필요하다고 하셨고, [MASK]는 비밀의 정원에서 마시는 공기라면 기꺼이 마시겠다고 했거든요."
지수	"[MASK]는 묘하게 고집이 센 아이였는데, 이제 정말 흥미로운 목표가 생기자 그 일에 완전히 몰입했어. 지치지도 않고 꾸준히 땅을 파고 잡초를 뽑았는데, 시간이 갈수록 자기 일에 더 큰 즐거움을 느끼는 것 같았지."
지수	"자기가 하고 싶었던 대로, [MASK]는 그 초록색 문으로 가서 손잡이를 돌렸어. 그 신비한 정원을 정말 찾은 건지 확신하고 싶어서 문이 열리지 않기를 바라는 마음도 있었지만, 문은 너무 쉽게 열렸고 그녀는 과수원 안으로 들어서게 됐지."
은우	"두 사람 다 맥박이 빨라지는 걸 느꼈어. '우리 엄마야!' 두 사람이 중간에서 만났을 때 [MASK]가 다시 말했지. '네가 엄마를 보고 싶어 하는 걸 알고 내가 문이 어디 숨겨져 있는지 말씀드렸거든.'"
준서	"조금만 지나면 더 이상 무섭지 않을 거야." "정말 그럴까?" [MASK]가 말하고는 무언가 생각에 잠긴 듯 가만히 누워 있었어. 잠시 동안 정말 고요했고, 해는 점점 낮게 떨어지고 있었지.
지수	"우리를 부르는 저 울새는 어디 있지?" 빨간 열매가 달린 무성한 호랑가시나무 숲에서 지저귐이 들려왔고, [MASK]는 그게 누구의 소리인지 알 것 같았어. "정말 우리를 부르는 걸까?" 그녀가 물었지.
지수	"그는 질문을 쏟아냈어. 거기가 어디인지, 왜 문을 찾아보지 않았는지, 정원사들에게는 물어봤는지 말이야. '[MASK]들은 그 얘길 안 하려고 해. 아마 질문에 대답하지 말라는 지시를 받은 것 같아.'"
영수	"다음 날 그들은 다시 한번 수색을 시작했고, 그 집에 오랫동안 아무도 침입하지 않았다는 결론을 내릴 수밖에 없었어. 하지만 [MASK]가 운 좋게 무언가를 발견하지 않았다면 그들은 벌써 동네를 떠났을지도 몰라."
서연	"'매듭이네!' [MASK]는 항상 남을 돕고 싶어 했기에 주변을 걱정스럽게 살피며 말했어. '아, 제가 푸는 걸 도와드릴게요!' 하지만 생쥐는 '그럴 필요 없어요.'라며 자리에서 일어나 걸어가 버렸지."
서연	"하인이 말했어. '그게 제일 먼저 해야 할 질문이잖아.' 틀린 말은 아니었지만, [MASK]는 그런 지적을 받는 게 싫었어. '정말 끔찍해. 이 안의 생물들은 왜 이렇게 사사건건 따지려 드는 거야.' 그녀가 혼잣말로 투덜거렸지."
서연	"'우선 내가 누구인지부터 알려주세요. 그 사람이 마음에 들면 올라가겠지만, 아니면 누군가 다른 사람이 될 때까지 여기 밑에 있을래요. 아휴, 세상에!' [MASK]는 눈물을 터뜨리며 외쳤어. '제발 그들이 머리 좀 내밀어 줬으면 좋겠어!'"
서연	"[MASK]는 생각했어. '지금 이 생쥐한테 말을 거는 게 의미가 있을까? 여긴 워낙 모든 게 뒤죽박죽이라 말도 할 수 있을 것 같긴 한데. 어쨌든 시도해 본다고 손해 볼 건 없겠지.'"
서연	"'제가 숨겨드릴게요.' [MASK]가 말하고는 근처에 있던 커다란 화분에 그들을 집어넣었어. 세 명의 병사들은 잠시 주변을 헤매며 그들을 찾다가 조용히 다른 사람들을 따라 행진해 나갔지. '그놈들 목을 쳤느냐?' 중전이 소리쳤어."
서연	"하지만 그녀는 우선 몸이 더 줄어드는지 보려고 잠시 기다렸어. 조금 불안해졌거든. '이러다 정말 양초처럼 싹 다 타서 없어져 버릴지도 몰라.' [MASK]는 혼잣말을 했지."
서연	"'배심원들이 모두 제자리에 돌아올 때까지 재판을 진행할 수 없다!' 임금님이 아주 엄중한 목소리로 말했어. 그는 [MASK]를 뚫어지게 쳐다보며 '모두!'라고 다시 한번 강조했지."
서연	"[MASK]는 일이 다 엉망이 될 것 같아 걱정스러웠지만 감히 거역하지 못하고 떨리는 목소리로 계속 읊조렸어. '난 그자의 정원을 지나며 한 눈으로 지켜봤지, 올빼미와 표범이 어떻게 파이를 나눠 먹는지 말이야—'"
서연	"'저한테 당신의 이야기를 들려주기로 약속했잖아요.' [MASK]가 말했어. '그리고 왜 당신이 고양이와 개를 싫어하는지도요.' 그녀는 생쥐가 또 화를 낼까 봐 아주 조심스럽게 속삭였지. '내 이야기는 아주 길고 슬픈 사연이란다!'"
서연	"[MASK]가 지식을 좀 뽐내고 싶어서 신나서 말했어. '낮과 밤이 뒤섞여 버리면 얼마나 엉망이 되겠어요! 그건 결코 좋은 일이 아닐 거예요!'"
서연	"[MASK]가 숲속을 헤치며 나아갈 때 말했어. '내 인생에서 이렇게 멍청한 파티는 처음이야!' 그 말을 하는 순간, 나무 중 하나에 안으로 들어가는 문이 있는 게 보였지."
서연	"3월의 토끼가 권유하듯 말했어. '포도주 좀 마셔.' [MASK]가 식탁을 둘러봤지만 차 말고는 아무것도 없었어. '포도주는 보이지 않는데요.' 그녀가 대답했지."
서연	"'걔네는 무조건 돌고래랑 같이 다녀야 해.' 가짜 거북이 말했어. '영리한 물고기라면 돌고래 없이 어디든 가지 않거든.' [MASK]가 정말 놀란 목소리로 되물었어. '정말요?'"
서연	"[MASK]는 토끼가 자기를 찾으러 오는 걸 알고 온몸이 떨려서 집이 다 흔들릴 정도였어. 자기가 지금 토끼보다 천 배는 더 크다는 사실도, 무서워할 이유가 전혀 없다는 것도 완전히 잊은 채 말이지."
서연	"노래에 푹 빠져 있던 [MASK]가 말했어. '내가 대구였다면 돌고래한테 이렇게 말했을 거야. '저리 가세요, 당신이랑 같이 가기 싫거든요!''"
서연	"임금님이 안경을 쓰고 누가 말하는지 찾으려고 주변을 살피고 있었어. [MASK]는 배심원들이 어깨 너머로 '바보 같은 것들!'이라고 받아 적는 걸 훤히 볼 수 있었지."
서연	"[MASK]는 이 모든 상황이 말도 안 된다고 생각했지만, 다들 너무 엄숙한 표정이라 감히 웃을 수 없었어. 딱히 할 말이 없어서 그녀는 최대한 근엄한 표정으로 고개를 숙이며 골무를 건네받았지."
나비	"'나비 이야기를 꺼내지 말걸!' 그녀는 침울한 목소리로 혼잣말을 했어. '여긴 아무도 나비를 안 좋아하는 것 같아. 세상에서 제일 착한 고양이인데!'"
서연	"갑자기 그녀 앞에 다리가 세 개 달린 유리 테이블이 나타났어. 그 위에는 아주 작은 금빛 열쇠 하나 말고는 아무것도 없었지. [MASK]는 제일 먼저 이게 대강당의 문 중 하나에 맞는 열쇠일지도 모른다고 생각했어. 하지만, 아뿔싸!"
서연	"...하나가 '멍청하다'는 글자도 제대로 못 써서 옆 사람에게 물어보고 있는 게 보였어. '재판이 끝나기 전에 칠판이 아주 엉망진창이 되겠어!' [MASK]는 생각했지."
서연	"대강당 사방에 문이 있었지만 모두 잠겨 있었어. [MASK]가 한쪽 끝에서 다른 쪽 끝까지 모든 문을 다 열어보려고 애쓴 뒤, 그녀는 어떻게 다시 나갈 수 있을지 걱정하며 강당 한가운데를 슬프게 걸어갔어."
서연	"진짜 큰 문제는 '무엇을?'이었어. [MASK]는 주변의 꽃과 풀잎들을 다 둘러봤지만, 이런 상황에서 먹거나 마실 만한 건 전혀 보이지 않았어."
서연	"'지금까지 내가 한 말들을 다 너한테 선물로 줄게.' '참 값싼 선물도 다 있네!' [MASK]는 생각했어. '생일 선물을 저런 식으로 안 줘서 다행이야!' 하지만 차마 그 말을 입 밖으로 내지는 못했지."
서연	"'오, 계속 걷다 보면 분명히 도착하게 되어 있어.' 고양이가 말했어. [MASK]는 부정할 수 없는 사실이라고 느꼈고, 다른 질문을 던졌어. '이 근처에는 어떤 사람들이 사나요?'"
서연	"'하루 종일 걸리지 말고 빨리 말해!' 그가 계속 말을 이어갔어. '그래요, 믿지 않겠지만 우린 바다 속에 있는 학교에 다녔답니다—' '안 믿는다고 말한 적 없거든요!' [MASK]가 말을 끊었어."
서연	"'그럼 가자,' 여왕이 말했어. '그가 자기 이야기를 해줄 거야.' 그들이 함께 걸어갈 때, [MASK]는 왕이 사람들에게 낮은 목소리로 '모두 사면하노라'라고 말하는 걸 들었어."
서연	"'아, 그건 싫은데!' '오, 이 바보 같은 [MASK]야!' 그녀는 스스로에게 대답했어. '여기서 어떻게 공부를 하겠니? 너 하나 들어가기도 좁은데 교과서 둘 자리가 어딨어!'"
서연	"'그렇게는 안 될걸' [MASK]는 생각했어. 창문 바로 아래에서 토끼 소리가 들릴 때까지 기다렸다가, 그녀는 갑자기 손을 뻗어 허공을 낚아채려 했어. 아무것도 잡히지 않았지만 말이야."
서연	"'그 말의 교훈은 '내 게 많을수록 네 건 적어진다'는 거지.' '아, 알아요!' 이 마지막 말을 제대로 듣지 않은 [MASK]가 외쳤어. '그건 채소잖아요.'"
서연	[MASK]는 그런 기상천외한 삶이 어떨지 상상해보려 했지만 너무 머리가 복잡해졌어요. 그래서 계속 물었죠. "그런데 왜 우물 바닥에서 산 거예요?"
서연	[MASK]가 고개를 들자 여왕이 팔짱을 낀 채 폭풍전야처럼 찌푸린 얼굴로 앞에 서 있었어요. "폐하, 정말 좋은 날씨입니다!" 공작부인이 가냘픈 목소리로 말을 건넸어요.
서연	"너희들을 챙겨주기엔 내가 너무 멀리 있게 될 거야. 너희들끼리 알아서 잘 지내야 해. 하지만 내가 그애들한테 잘해줘야겠어." [MASK]는 생각했어요. "안 그러면 걔들이 내가 가고 싶은 길로 안 가줄지도 몰라!"
서연	[MASK]는 부채와 장갑을 집어 들었어요. 강당 안이 너무 더웠거든요. 그녀는 계속 말을 하면서 부채질을 멈추지 않았어요. "어머나! 오늘 왜 이렇게 모든 게 기묘하지? 어제까지만 해도 평소랑 똑같았는데."
서연	"무슨 기억이 안 난다는 거냐?" 애벌레가 물었어요. "음, '꿀벌은 부지런도 하여라'를 읊어보려고 했는데, 내용이 다르게 나와요!" [MASK]가 아주 침울한 목소리로 대답했어요.
서연	가장 먼저 닥친 문제는 물론 어떻게 몸을 다시 말리느냐였어요. 그들은 회의를 시작했고, 몇 분 뒤 [MASK]는 마치 평생 알고 지낸 사이처럼 그들과 자연스럽게 대화하는 자신을 발견했어요.
서연	"그럼 제발," [MASK]가 말했어요. "어떻게 들어가야 하죠?" 하인은 그녀를 쳐다보지도 않고 말을 이어갔어요. "우리 사이에 문만 없었어도 노크하는 게 의미가 있었겠지만 말이야."
서연	"자, 이걸로 기니피그들은 끝났네!" [MASK]는 생각했어요. "이제 좀 더 수월하겠어." "전 차라리 제 차를 다 마시는 게 좋겠는데요." 모자 장수가 가수 명단을 읽고 있는 여왕을 불안하게 쳐다보며 말했어요.
서연	"내가 물어봐서 걔가 나를 얼마나 무식한 애라고 생각하겠어! 아니야, 묻지 않는 게 낫겠어. 어딘가에 적혀 있는 걸 보게 되겠지." 아래로, 아래로, 아래로. 할 수 있는 게 아무것도 없어서 [MASK]는 다시 혼잣말을 하기 시작했어요.
서연	"그래서 꼬리를 입에 물게 된 거야. 다시 뺄 수도 없게 말이지. 그게 다야." "고마워요," [MASK]가 말했어요. "정말 흥미롭네요. 대구에 대해 이렇게 자세히 알게 된 건 처음이에요."
서연	하인은 이 기회에 자기 말을 조금씩 바꿔서 반복하려는 것 같았어요. "난 여기 며칠이고 앉아 있을 거야." "그럼 난 어떡해요?" [MASK]가 물었어요.
서연	"그나저나 그 아기는 어떻게 됐어?" 고양이가 잊었다는 듯 물었어요. "돼지로 변했어." [MASK]는 마치 당연한 일이 일어난 것처럼 아주 덤덤하게 대답했어요.
서연	"그건 다 걔 상상일 뿐이야. 알다시피 여긴 실제로 처형당하는 사람은 아무도 없거든. 가자!" "[MASK] 여기선 다들 '가자!'라고만 하네." 그녀는 천천히 뒤따라가며 생각했어요. "내 인생에서 이렇게 이래라저래라 명령을 많이 받아본 건 처음이야, 정말!"
서연	"내가 마음만 먹으면 이보다 훨씬 더한 말도 할 수 있어." 공작부인이 뿌듯한 목소리로 대답했어요. "제발 그보다 더 길게 말씀하시느라 애쓰지 마세요." [MASK]가 말했어요. "오, 애쓰는 건 말도 마!"
나비	그녀는 침울한 목소리로 혼잣말을 했어요. "여긴 아무도 나비를 안 좋아하는 것 같아. 세상에서 제일 착한 고양이인데! 오, 내 사랑 [MASK]야! 널 다시 볼 수 있을까!"
서연	카나리아 한 마리가 떨리는 목소리로 아이들을 불렀어요. "얘들아, 이리 오렴! 벌써 잘 시간이 지났단다!" 여러 핑계를 대며 모두가 떠나갔고, [MASK]는 곧 혼자 남겨졌어요.
서연	"시작하는 법만 안다면 할 수 있을 것 같아." 알다시피, 최근에 워낙 기상천외한 일들이 많이 일어나서 [MASK]는 세상에 정말로 불가능한 일은 거의 없다고 생각하기 시작했거든요.
서연	"하지만," [MASK]는 생각했어요. "난 평생 지금 이 나이 그대로인 걸까? 할머니가 되지 않는 건 다행이지만, 평생 공부만 해야 한다니! 아, 그건 정말 싫어!"
서연	"갈수록 태산이네!" [MASK]가 외쳤어요 (너무 놀란 나머지 순간적으로 제대로 된 말조차 나오지 않았거든요). "세상에서 제일 큰 망원경처럼 몸이 펴지고 있어! 발아, 안녕!"
서연	"저... 정말 좋은 날씨네요!" 옆에서 소심한 목소리가 들렸어요. 그녀의 얼굴을 불안하게 훔쳐보는 흰 토끼였죠. "그러네요," [MASK]가 대답했어요. "공작부인은 어디 있나요?" "조용히 하세요!"
서연	"어서, 빨리!" 그 소리에 너무 놀란 [MASK]는 토끼의 실수를 바로잡아줄 생각도 못 하고 가리키는 방향으로 달려갔어요. "나를 하녀로 착각했나 봐." 그녀는 달리면서 혼잣말을 했어요.
서연	"어머, 지금까지는 기분이 좋아 보이네." [MASK]는 생각하며 말을 이어갔어요. "말씀 좀 해주시겠어요? 여기서 어느 길로 가야 하죠?" "그건 네가 어디로 가고 싶은지에 달렸지." 고양이가 말했어요.
서연	"오늘 여왕이랑 크로켓 경기 하나요?" "정말 하고 싶지만," [MASK]가 말했어요. "아직 초대받지 못했거든요." "거기서 나를 보게 될 거야." 고양이가 말하고는 사라졌어요.
서연	"네가 나처럼 '시간'을 잘 안다면, 시간을 낭비한다는 말은 못 할걸. 시간은 물건이 아니라 인격체거든." "무슨 뜻인지 모르겠어요." [MASK]가 말했어요. "당연히 모르겠지!"
서연	"그럴 줄 알았어." 고양이가 말하고는 다시 사라졌어요. [MASK]는 혹시 고양이가 다시 나타날까 봐 잠시 기다려봤지만 나타나지 않았고, 잠시 후 '3월의 토끼'가 산다는 쪽으로 걸어갔어요.
서연	"무엇의 한쪽? 무엇의 반대쪽?" [MASK]는 혼잣말을 했어요. "버섯 말이야." 애벌레가 마치 그녀가 큰 소리로 묻기라도 한 것처럼 대답하고는 순식간에 사라졌어요.
서연	[MASK]는 요리사가 눈치를 챘는지 보려고 불안하게 쳐다봤어요. 하지만 요리사는 국을 젓느라 바빠서 듣지 못하는 것 같았죠. 그래서 그녀는 계속 말했어요. "제 생각엔 24시간인 것 같은데, 아니면 12시간인가요?"
서연	"말하는 고양이는 들어본 적이 없는데요." 대화가 시작되어 기분이 좋아진 [MASK]가 아주 정중하게 말했어요. "아는 게 별로 없구나." 공작부인이 말했어요. "그게 팩트지."
서연	코가 정말 위로 쑥 올라가 있는 게 영락없는 돼지 코였어요. 게다가 눈은 아기라고 하기엔 너무 작아지고 있었죠. 전체적으로 [MASK]는 이 상황이 전혀 마음에 들지 않았어요.
서연	[MASK]는 배심원석을 쳐다봤어요. 너무 서두르다 보니 도마뱀을 머리부터 처박아버렸고, 가엾은 작은 녀석은 꼼짝도 못한 채 꼬리만 슬프게 흔들고 있었죠.
서연	"지가 원할 때는 후추의 매운 맛을 즐길 줄 아는 놈이니까!" 합창. "와우! 와우! 와우!" "자! 네가 원한다면 좀 돌봐줘도 돼!" 공작부인이 아기를 [MASK]에게 확 집어 던지며 말했어요.
서연	"혹시 이 노래 알아요?" "비슷한 건 들어본 적 있어요." [MASK]가 말했어요. "가사는 이렇단다," 모자 장수가 계속했어요. "하늘 위를 날아다니네, 마치 구름 위의 쟁반처럼."
서연	"—그러니 랍스터 춤이 얼마나 즐거운 건지 넌 상상도 못 할 거야!" "네, 정말 그래요." [MASK]가 말했어요. "그건 어떤 춤인가요?" "글쎄," 그리핀이 말했어요. "우선 해변을 따라 한 줄로 서서—"
서연	"선고부터 내리다니 말도 안 돼!" "입 닥쳐!" 여왕이 얼굴이 보라색이 되어 소리쳤어요. "싫어요!" [MASK]가 대답했어요. "당장 저년의 목을 쳐라!" 여왕이 고래고래 소리를 질렀지만 아무도 움직이지 않았어요.
서연	일 분에 한 번꼴로 상황이 변했어요. [MASK]는 아주 불안해지기 시작했어요. 아직까지 여왕과 다툰 적은 없지만, 언제든 그런 일이 일어날 수 있다는 걸 알았거든요. '그렇게 되면,' 그녀는 생각했어요. '난 어떻게 되는 거지?'
거북이	"저... 저녁의 수... 수프, 아름답고 아름다운 수프! "아름다운 수프! 누가 생선이나 사냥 요리, 다른 음식을 신경 쓰겠어? 아름다운 수프 두 [MASK]만 받을 수 있다면 그 무엇을 포기하지 않겠어?
서연	"아마 다음엔 너희들도 달걀 맛을 본 적이 없다고 우기겠지!" "물론 달걀은 먹어봤죠," 정직하게 대답하는 [MASK]가 말했어요. "하지만 아시다시피 어린 소녀들도 뱀만큼이나 달걀을 많이 먹는다고요."
서연	"네 키는 지금 거의 3km나 된다." 임금님이 말했어요. "3km도 넘을걸." 여왕이 덧붙였죠. "어쨌든 난 안 나갈 거예요," [MASK]가 대답했어요. "게다가 그건 정식 규칙도 아니잖아요. 방금 지어내신 거잖아요."
팔룡이	"누가 굴뚝으로 내려갈 거야? —싫어, 난 안 가! 네가 가! —내가 왜 가! 팔룡이가 가기로 했어— 어이, [MASK]! 주인님이 너더러 굴뚝으로 내려가란다!" "어휴!"
서연	"제발 그렇게 밀지 마세요." 옆에 앉아 있던 잠쥐가 말했어요. "숨을 못 쉬겠잖아요." "어쩔 수 없어," [MASK]가 아주 기가 죽은 목소리로 말했어요. "나도 어쩔 수 없어, 자꾸 몸이 커지는걸."
서연	[MASK]가 나타나자마자 세 사람 모두 그녀에게 문제를 해결해달라고 요청하며 각자의 논리를 쏟아냈어요. 하지만 세 사람이 동시에 떠들어대는 바람에 그녀는 그들이 대체 무슨 말을 하는지 알아듣기가 정말 힘들었죠.
서연	그래서 그녀는 그 자리에 가만히 서서 기다렸어요. 행렬이 [MASK]의 맞은편에 도착하자 모두 멈춰서 그녀를 쳐다봤고, 여왕은 엄격하게 물었죠. "이건 누구냐?" 여왕은 하트 잭에게 물었지만, 그는 그저 미소를 지으며 고개를 숙일 뿐이었어요.
서연	"당장 저년의 목을 쳐라!" 여왕이 고래고래 소리를 질렀어요. 하지만 아무도 움직이지 않았죠. "누가 당신들을 겁낼 줄 알아요?" (이때쯤 [MASK]는 원래 크기로 다 자라 있었거든요.) "당신들은 그저 카드 한 뭉치일 뿐이라고요!"
서연	[MASK]는 법정에 한 번도 와본 적이 없었지만, 책에서 읽은 적이 있어서 그곳에 있는 거의 모든 것의 이름을 알고 있다는 사실에 꽤 뿌듯해졌어요. "저분이 판사님이네," 그녀는 생각했어요. "저 커다란 가발을 보니 확실해."
서연	"저한테는 아주 중요한 문제라고요," [MASK]가 다급하게 말했어요. "하지만 전 지금 달걀을 찾고 있는 게 아니에요. 설령 찾는다고 해도 당신 건 필요 없어요. 난 날달걀은 안 좋아하거든요."
서연	여왕은 장미들을 살펴보더니 소리쳤어요. "당장 저놈들의 목을 쳐라!" 그리고 행렬은 계속 이동했죠. 군사 세 명이 남겨져 불쌍한 정원사들을 처형하려 했고, 그들은 살려달라며 [MASK]에게 달려갔어요. "걱정 마, 너희 목은 달아나지 않을 거야!"
서연	"머리가 지끈거릴 정도네!" [MASK]는 흰 토끼가 명단을 뒤적거리는 걸 보며 다음 증인은 누굴지 아주 궁금해졌어요. '아직 증거가 별로 확보되지 않은 것 같거든.' 그녀는 속으로 생각했죠.
서연	"만약 걔들이 지능이 있다면 지붕을 뜯어냈을 텐데." 일 분쯤 지나자 그들이 다시 움직이기 시작했고, [MASK]는 토끼가 말하는 소리를 들었어요. "우선 수레 한 가득 가져와 봐."
서연	"방금 '참 안됐네!'라고 했나요?" 토끼가 물었어요. "아뇨, 안 그랬는데요," [MASK]가 대답했어요. "전혀 안됐다고 생각 안 하거든요. 그냥 '대체 왜?'라고 물었을 뿐이에요."
서연	비둘기가 좀 더 가라앉은 목소리로, 흐느끼며 다시 말했어요. "온갖 방법을 다 써봤는데, 아무것도 걔들 마음에 안 드나 봐요!" "당신이 대체 무슨 말씀을 하시는 건지 도통 모르겠네요." [MASK]가 대답했어요.
지은	"지은아, 내가 지금 너무 가슴이 떨려서 글을 못 쓰겠어. 그러니까 내가 말하는 대로 네가 좀 받아적어 줘. 돈 문제는 나중에 아빠랑 해결하면 되니까, 일단 물건부터 당장 주문해야 해."
지은	그들의 첫 번째 관심사는 언니였어. 지은이가 늘 씩씩하게 버티려고 애쓰지만, 가끔은 깊은 우울에 빠질 때가 있다는 소식을 듣고 그녀는 놀라기보다 슬픔이 앞섰지. 하지만 곧 기운을 차릴 거라고 믿는 게 현명한 일이었어.
혜윤	"정말이지," [MASK]가 대답했어. "그 사람 사정이 참 안됐긴 한데, 곧 다른 감정이 생겨서 나에 대한 마음은 금방 잊어버릴 거야. 그래도 그 사람 제안을 거절했다고 나를 탓하진 않을 거지?"
소희	소희는 [MASK]의 결혼관이 자기와는 조금 다르다고 늘 느껴왔지만, 막상 실전에 닥쳤을 때 그녀가 세속적인 이익을 위해 자신의 더 나은 감정들을 모두 희생할 수 있다는 사실은 차마 믿기 어려웠어.
지은	"안녕, 잘 가." 그녀는 다시 집에 돌아갈 수 있다는 희망에 부풀어 쾌활하게 달려 나갔어. [MASK]는 이미 기운을 많이 차려서 그날 저녁에는 두어 시간 정도 방에서 나올 계획이었지.
석진	내가 어떻게 될까? 나는 [MASK] 밑에서 도제로 일하게 될 것 같다고 그녀에게 말했어. 그러면서 내가 아는 건 아무것도 없지만 모든 걸 배우고 싶다고 강조했지. 그녀가 나를 좀 도와줬으면 하는 마음에서 말이야.
서윤	직접 겪어보지 않고 내가 어떻게 말할 수 있겠어? 내가 제일 두려웠던 건, 내가 가장 초라하고 볼품없는 모습일 때 고개를 들었는데 창문 너머로 [MASK]가 나를 지켜보고 있는 상황이었어.
현우	준비는 금방 끝났어. 우리는 배를 몰고 한강 둔치 쪽으로 나갔지. 거기선 내가 1분이면 배에 닿을 수 있었거든. 그때부터 나는 훈련 삼아 배를 타기 시작했어. 혼자 나갈 때도 있었고, [MASK]와 함께일 때도 있었지.
석진	그가 불길을 바라볼 때, 얼굴에 묘한 미소가 스치더니 헛웃음을 짓는 걸 봤어. "이 동네 지리는 잘 모르지만, 강가 쪽은 참 한적해 보이네요." "대개 갯벌은 원래 외딴 곳이지요." [MASK]가 말했어.
다희	"다희야," 나는 아무에게도 말하지 말라고 당부한 뒤 입을 열었어. "나는 번듯한 성공한 사람이 되고 싶어." "나 같으면 안 그럴 것 같아. 별로 좋은 방법은 아닌 것 같거든." 그녀가 대답했어.
오 부장	펀치가 아주 맛있어서 우리는 계속 떠들며 마셨어. 어느새 밤 9시가 다 됐지. "이제 곧 통금 시간이네." [MASK]가 파이프를 내려놓으며 말했어. "이건 우리 아버님을 위한 특별한 대접이야."
이 원장	[MASK]가 이 동네에 처음 발을 들였을 때, 흔히 말하는 '천운'이 그를 도왔어. 사실 어떤 의사든 새로 부임한 곳에서 기적 같은 완치 사례를 만들어내면 주목받기 마련이잖아. 그런 건 운이 준 최고의 추천서나 다름없지.
지수	고모는 친오빠네 가족에 대해 남다른 애정을 갖고 있었어. 그래서 [MASK]를 위해 진심으로 바라는 게 두 가지 있었지. 하나는 지수가 좀 더 진중한 마음을 갖는 것, 또 하나는 그녀의 생활 수준에 맞는 부유한 남편을 만나는 것이었어.
진호	"뭐라고요?" 그녀가 당황해서 물었어. 그는 긴 팔을 휘둘러 늪지대에서 지평선까지 이어지는 눈부신 황금빛 들판을 가리켰지. "저 모든 황금빛 벌판이 이제 [MASK]의 것이란다." 그가 반복해서 말했어.
민혁	"그들은 평생 잊지 못할 교훈을 얻게 될 겁니다." "이봐, 민혁이. 너무 성급하게 굴지 마." 대령이 엄하게 타이렀어. "괜한 분란 만들지 말고. 하지만... 그래, 세상은 변해야지." [MASK]는 자리에서 일어나 고개를 저었어.
유진	오늘 우리 사이에 일어난 일 이후로, 이 사건은 완전히 미궁에 빠졌어. [MASK]의 결백함은 (그녀의 어머니도 알고 나도 알다시피) 의심의 여지가 없는데 말이야.
한 집사	물론 수요일 밤에 일어난 사건 때문에 우리 계획이 다 틀어지긴 했어. 그들은 보석 분실과 아무 상관이 없다고. 하지만 [MASK] 집사님, 하나는 확실해요. 우리가 그 보석을 못 찾으면, 저들이 먼저 찾아낼 겁니다.
유진	내가 [MASK]의 눈에 범인으로 낙인찍혔다는 걸 알게 된 그 순간부터, 내 머릿속은 온통 뒤죽박죽이 됐어. 내가 결백하다는 확신조차 소용없을 정도로 말이야.
유진	"대체 어떤 점이요?" "잘 들으세요. 이름이 적힌 걸 보니 그 잠옷은 당신 게 맞아요. 그리고 페인트 자국을 보니 [MASK]의 방문에 묻은 자국도 그 옷이 만든 게 확실하고요."
유진	"삼촌은 우리 아주머니가 그로부터 나오는 유산이라면 그게 뭐든 거절했을 거라는 걸 아주 잘 알고 있었지." "그럼 [MASK]도 그걸 거절했을 거라는 걸 어떻게 확신했죠?"
유진	아니면 나중에 내가 [MASK]의 손에 보석을 쥐여줬을 때? 그것도 아니면 손님들이 와서 다 같이 저녁 식탁에 모였을 때였나? 내 기억은 그 질문들에 막힘없이 대답하다가, 마지막 질문에서 멈춰버렸어.
민희	하지만 [MASK]는 속으로 그가 무슨 말을 하는지 정확히 알고 있다고 생각했어. 그는 일찍 가정을 꾸리고 싶어 했고, 아주 고귀한 동기로 결혼하려는 것처럼 보였거든.
민희	[MASK]는 아차 싶어 얼굴을 붉혔어. 미안한 마음이 들었지만 웃어넘기려 애썼지. "아니, 내가 한 말이 그렇게 잘못됐나? 누구라도 그랬을 거야. 그렇게 심한 말도 아니었어. 아마 그녀는 내 말을 이해 못 했을걸."
지은	"선생님이 되도록 밖에서 시간을 많이 보내라고 하셔서 산책을 좀 해야 해요. 우체국까지 갔다 오면 딱 좋거든요. 그런데 정말이지, 오늘 아침처럼 날씨가 좋았던 적이 없네요." "지은아, [MASK], 이제 그 얘긴 그만하렴."
민희	기절한 아가씨를 보살피고 나면, 쏟아지는 질문에 답해야 하고 놀라운 사실들도 설명해야 하지. 그런 일들은 참 흥미롭지만, 그 긴장감이 오래갈 순 없어. 몇 분 지나지 않아 [MASK]는 모든 상황을 파악하게 됐어.
지은	[MASK]의 두 번째 노래가 끝날 때쯤 그녀의 목소리가 잠기기 시작했어. "그 정도면 됐어." 노래가 끝나자 그가 혼잣말하듯 말했지. "오늘 저녁엔 충분히 불렀으니까 이제 좀 쉬렴." 하지만 곧 다른 노래를 불러달라는 요청이 쏟아졌어.
민희	[MASK]는 아버지와 단둘이 남게 되자, 요즘 젊은 사람들이 왜 그렇게 서둘러 결혼하는지, 그것도 잘 모르는 사람이랑 말이야... 아버지가 한탄하는 소리를 한 귀로 들으며 자기 생각에 잠겼어.
지은	문이 열리자 그녀의 목소리가 들렸어. "정말 고마워요! 비는 전혀 안 와요. 신경 쓸 정도도 아니에요. 전 괜찮아요. 신발도 굽이 꽤 두껍거든요. 그리고 [MASK]가 말하기를— 어머! (방 안으로 들어서며) 어머나!"
허영심	"네가 그렇게 그녀의 외모를 치켜세우고 칭찬을 해대면, 머지않아 그녀 눈에 차는 사람은 아무도 없게 될 거다. [MASK]이 어리석은 사람과 만나면 온갖 해악을 만들어내는 법이지."
민희	[MASK]는 대답하지 않고 아무렇지 않은 척하려 애썼지만, 속으로는 정말 불편했고 그가 빨리 가버리길 바랐어. 자기가 한 일을 후회하진 않았지. 여성의 권리나 품격에 대해서라면 여전히 그보다 자신이 더 잘 안다고 생각했으니까.
지은	그들은 행복해하는 모습이 정말 보기 좋았고 사심 없는 진심이 느껴졌어. [MASK]와 주변 사람들 모두를 배려하는 그들의 마음 덕분에 모두가 따뜻한 기분을 느꼈지.
서희	"집안일이나 애들 챙기는 데 써야 할 시간을 화실에서 보내는 건 정말 어리석은 짓 같아요." "[MASK], 지금은 그냥 그림을 그리고 싶네요." 서희가 대답했어.
서희	하지만 그는 자기 사람들의 생리를 너무 잘 알아서 그런 실수를 범하지 않았지. 그는 바로 책을 펴지 않고 한동안 정원을 멍하니 바라보며 생각에 잠겼어. [MASK]의 아버지는 며칠째 이 동네에 머물고 계셨지.
서희	그녀는 다시 배가 고파졌어. 저녁 식사가 훌륭하긴 했지만 양이 좀 부족했거든. 그녀는 찬장을 뒤져 치즈 한 조각과 과자를 꺼냈어. 냉장고에 있던 맥주도 한 병 땄지. [MASK]는 왠지 마음이 들뜨고 흥분됐어.
서희	[MASK]는 피곤하지도, 잠이 오지도 않았어. 다시 배가 고파졌지. 아까 먹은 저녁 식사가 질은 좋았지만 양이 너무 적었거든. 그녀는 주방을 뒤져서 먹을거리를 좀 찾아냈고, 시원한 맥주도 한 병 꺼냈어.
민수	그녀는 그가 앉아 있는 쪽으로 걸어갔어. 의자 팔걸이에 몸을 기대고 그의 이름을 불렀지. "민수야, [MASK], 자?" "아니," 그가 고개를 들어 그녀를 바라보며 대답했어.
서희	그녀는 가스레인지 위에서 코코아를 데우려 애쓰고 있었어. 방 안으로 들어선 [MASK]의 눈에 방은 어둡고 우중충해 보였지. 먼지가 뽀얗게 앉은 베토벤 흉상이 벽난로 위에서 그녀를 노려보는 것 같았어. "아, 이제야 빛이 좀 들어오네!"
서희	[MASK]는 남편이 집을 비울 때 아버지가 떠나셨을 때만큼 기쁘지는 않았어. 남편이 꽤 오래 집을 떠날 날이 다가오자, 그녀는 그가 보여준 배려와 애정 어린 말들을 떠올리며 마음이 약해지고 다정해졌지.
지수	선원 중 한 명이 "세상이 망하려나 보다"라고 말하는 걸 듣고 그녀는 새로운 생각에 잠겼어. 헨델의 웅장한 곡들이 떠올랐고, [MASK]는 그 거대한 반주에 맞춰 노래를 불렀지.
사람	[MASK]은 행동하기 위해 태어난 존재 같지만, 열정을 제대로 다스리는 법은 드물지. 열정이 너무 부족해서 추진력이 없거나, 아니면 너무 격렬해서 모든 선을 넘어버리곤 하니까. 사람마다 각자의 고통이 있고 슬픔은 어떤 형태로든 모든 마음을 찾아오기 마련이야.
죽음	영혼과 육체가 분리되는 것을 생각하니 이 밤은 너무나 엄숙하고 길게 느껴졌어. [MASK]은 악인에게는 정말 공포의 왕이나 다름없지! 자비로운 마음도 거기선 위안을 찾지 못하고 영원한 이별만을 두려워하게 돼.
희수	그녀는 이 은신처에서 [MASK]의 시집과 '실낙원'을 읽었어. 거기서 조금 떨어진 곳에는 고된 노동으로 아이들을 키우며 살아가는 가난한 어부들의 오두막이 몇 채 있었지.
수진	젊은 사람들은 대개 글쓰기를 좋아하지. [MASK]은 제대로 배운 적은 없지만, 친구의 필체를 흉내 내며 연습한 끝에 제법 능숙해졌어. 연습 덕분에 문장도 다듬어졌고 그녀의 재기발랄함이 글에 힘을 실어주었지.
준호	그는 여전히 파이프를 입에 물고 있었고 연기는 위로 피어올랐어. 방 안은 매캐한 담배 연기로 가득했지만, 어젯밤에 봤던 그 산더미 같던 담뱃재는 온데간데없었지. "깼나, 준호? [MASK]?" 그가 물었어.
소로	조사를 해보니 내 짐작은 확신이 됐어. 우유 통에서 송어가 발견된 것처럼, 때로는 정황 증거가 아주 확실할 때가 있지. [MASK]가 말한 것처럼 말이야. "하지만 당신이 들은 건 나도 다 들었다고."
명 탐정	"다 잘됐습니다." "고마워요!" [MASK]는 서류를 접어 손님에게 돌려주며 말했어. "이제 1초도 지체해서는 안 됩니다. 당신이 해준 이야기를 토론하며 낭비할 시간이 없거든요."
명 탐정	나는 [MASK]가 새로 온 의뢰인의 말투와 태도에 꽤 깊은 인상을 받았다는 걸 알 수 있었어. 그는 특유의 예리한 시선으로 그녀를 살핀 뒤, 눈을 지긋이 감고 손끝을 모은 채 그녀의 이야기에 귀를 기울였지.
명 탐정	"자, 내 추리 범위는 좁혀졌어. 이제 우리가 찾는 사람들이 이 범위 중 정확히 어느 지점에 있는지 알아내기만 하면 돼." "[MASK]라면 바로 짚어낼 수 있을 것 같은데요." 내가 조용히 말했어.
서연	"매물로 나온 이 저택을 샀어. 그리고 내가 돈을 어떻게 벌었든 간에, 이제는 그 돈으로 좋은 일을 좀 하며 살고 싶었지. 결혼도 했고, 비록 아내는 일찍 죽었지만 나에겐 사랑스러운 딸 [MASK]가 남았단다."
명 탐정	그는 열쇠 더미를 이리저리 맞춰보며 문을 열려 했지만 허사였어. 안에서는 아무런 소리도 들리지 않았고, 그 정적 속에 [MASK]의 안색이 어두워졌지. "제발 너무 늦지 않았기를." 그가 말했어.
명 탐정	[MASK]는 전혀 만족스럽지 않다는 듯 고개를 저었습니다. "사건이 생각보다 복잡하군요. 수렁이 깊습니다. 하던 이야기를 계속해주시죠." "그 후로 2년이 지났고, 제 삶은 최근까지 그 어느 때보다 외로웠습니다."
준호	"지금은 도우미 아주머니가 계시긴 하지만, 연세도 많으시고 눈치도 없으셔서 잠시 자리를 비우게 하는 건 일도 아니에요." "좋습니다. 준호, 자네 이번 [MASK]행에 반대하진 않겠지?" "물론이죠." "그럼 우리 둘 다 가도록 하죠."
명 탐정	"자네의 그 넘치는 에너지를 잘 알지. 사건 현장에 가기 전까지는 절대 가만히 있지 못할 거라는 것도 말이야." "[MASK]가 아주 기분 좋은 칭찬이라며 대답했어. "이건 결국 기압 변화에 따른 심리적 문제입니다."
명 탐정	"우리 경찰 보고서에는 리얼리즘이 극단적으로 치우쳐 있어요. 하지만 솔직히 말해서 그 결과물은 매혹적이지도, 예술적이지도 않죠." "리얼리즘의 효과를 내려면 어느 정도의 선택과 절제가 필요합니다." [MASK]가 덧붙였어.
박 교수	"처음엔 장교가 되려 했지. 지금은 인도주의자가 되었지만, [MASK]처럼 전쟁을 찬양하는 이들의 입장도 이해할 만한 지적 식견은 갖췄다고 생각하네. 자연의 그 오만하고 광기 어린 투쟁 말이야."
지훈	"대체 무슨 소리를 하는 거야?" [MASK]가 외쳤어. "세상이 그런 식으로 돌아갈 리가 없잖아. 노동자들이 다 혁명가일 리도 없고, 설령 그렇다 해도 오합지졸 군중이 현대의 군대와 경찰을 이길 수는 없어."
지훈	그는 잠시 겸손하게 고개를 숙였어. "제가 이번 주 목요일 팀장을 맡기로 거의 결정됐습니다." "친구, 진심으로 축하하네!" [MASK]가 진심으로 외쳤어. "탄탄대로가 열렸군!"
지훈	그는 주변 사람들 눈을 피해 조직의 분위기를 미묘하고 정교하게 조작하는 데 성공했다고 생각했어. [MASK]는 한때 그 혁명가들이 허세를 부려봤자 결국 바보짓이나 하는 놈들이라고 생각했었지.
석진	"그 여자가 나를 너무 당황하게 해서 보름 동안은 제정신이 아닐 것 같아." [MASK]는 동료의 도움을 받아 그녀를 부축해 아래층으로 내려갔어. "불쌍한 사람, 오늘 밤 당신을 길바닥에서 자게 두지는 않을 거요."
지현	[MASK]의 마음을 짓누르는 이 슬픔을 누가 이해할 수 있을까? 남편을 지극히 사랑하지만 돌아오는 건 무관심뿐인 아내라 할지라도, 그녀가 겪는 고통의 깊이를 짐작조차 하기 어려울 것이다.
지안	발소리가 잦아들자, [MASK]은 문을 잠그고 열쇠를 주머니에 넣었어. 이제야 안전하다고 느꼈지. 그 끔찍한 것을 이제 아무도 보지 못할 거야. 오직 그의 눈만이 자신의 치부를 지켜보게 되겠지.
민수	[MASK]의 친구가 그에게 던진 몇 마디 말들—무심코 내뱉은 역설적인 말들이었겠지만—그 말들은 민수의 마음속 깊은 곳을 건드렸어. 한 번도 느껴본 적 없는 기묘한 고동이 온몸에 울려 퍼지는 것 같았지.
민수	"[MASK], 이건 정말 끔찍해! 무언가 너를 완전히 바꿔버렸어. 너는 매일같이 내 화실에 와서 모델을 해주던 그 눈부신 소년과 똑같은 얼굴을 하고 있지만, 그때의 너는 순수하고 다정했잖아."
지안	"정말 무서운 일이야! 인간의 정신이 얼마나 정체되어 있는지 보여주는 거지! 삶의 색채는 흡수해야 하지만, 그 세세한 디테일을 기억할 필요는 없어. 디테일은 늘 천박한 법이니까." "[MASK]는 정원에 양귀비를 심어야겠어."라며 한숨 섞인 말을 내뱉었어.
지안	"너랑 처지를 바꾸고 싶어, [MASK]. 세상이 우리 둘 다 비난해도, 사람들은 항상 너를 숭배했잖아. 앞으로도 그럴 거고. 너는 이 시대가 갈구하면서도 동시에 두려워하는 바로 그 표본이니까."
민수	"미안해, [MASK]. 차에 자리가 두 개뿐이네. 자네는 뒤따라오는 택시를 타고 오게." 그들은 서서 커피를 마시고는 코트를 챙겨 일어났어. 화가는 무언가에 사로잡힌 듯 말이 없었지.
지안	"하지만 그녀는 너무 냉정하고 차갑게 변했어. 어젯밤에는 위대한 예술가 같더니, 오늘 밤엔 그냥 흔해 빠진 삼류 배우일 뿐이야." "네가 사랑하는 사람에 대해 그렇게 말하지 마, [MASK]."
지우	"너도 그가 정말 마음에 들 거야. 모두가 그를 좋아하거든. 그리고 난... 그를 사랑해. 오늘 밤 네가 공연장에 꼭 왔으면 좋겠어. 그도 올 거고, 나는 [MASK] 역을 맡았거든. 내가 얼마나 멋지게 연기할지 기대해!"
은우	"정말 수치스러운 일이에요. 당신은 금수저로 태어났는데 말이죠." "아니에요, [MASK]. 저는 그렇게 생각하지 않아요. 차라리 정신없이 몸을 움직이며 일하는 게 더 행복할 것 같아요." "그럼 무슨 일을 하실 건가요?"
모세	"그가 무슨 처벌을 받아야 할지 결정되지 않았기에 그를 가두어 두었더라. 그러자 주께서 [MASK]에게 말씀하시되, 그자는 반드시 죽어야 하리니 온 회중이 진영 밖에서 돌로 그를 칠지니라."
모세	철학자는 이 상황이 마음에 들지 않았고, 사람들이 믿는 척하는 것들이 얼마나 어리석은지 보여주는 게 중요하다고 역설했어. 그녀는 미소 지으며 얌전하게 대답했지. "그들에게 [MASK]와 선지자들이 있지 않나요? 그들의 말을 듣게 하세요."
지현	그건 마치 사기라도 치는 기분이었어. 그가 [MASK]를 진심으로 좋아했다면 얘기가 달랐겠지만, 그는 그녀가 자기가 아는 여자들 중 가장 정이 안 가는 타입이라고 생각했거든. 그녀가 똑똑하다는 소문은 있었지만 말이야.
다희	"정말 고마워요." 청년이 웃으며 말했어. "나 보러 올 수도 있었잖아요!" [MASK]가 말했지. "어제 막 도착했는걸요." "그걸 믿으라고요?" 소녀가 단호하게 대답했어.
다희	어떤 순간 그는 그녀의 우아하고 무책임한 몸짓 속에 자신의 행동이 남들에게 어떤 인상을 주는지 완벽하게 계산하는 도발적인 의식이 담겨 있다고 믿었어. 그는 [MASK]의 이런 당돌함이 순수함에서 오는 건지, 아니면 원래 앞뒤 안 가리는 성격이라 그런 건지 궁금해졌지.
다희	"[MASK]는 독감에 걸리든 말든 상관없어요!" 그녀가 묘한 어조로 말했어. 그 말이 끝나자마자 택시 기사가 속도를 냈고, 차는 경주의 오래된 돌길 위를 덜커덩거리며 달려 나갔어.
다희	느릿느릿 구경하며 지나가는 사람들은 그의 팔짱을 끼고 지나가는 이 예쁜 외국인 아가씨에게 온통 시선을 빼앗겼어. 그는 대체 [MASK]가 무슨 생각으로 아무런 보호 장치도 없이 이런 시선을 자처하는 건지 이해할 수 없었지.
다희	그건 마치 [MASK]의 애매모호한 태도에 갑자기 전등을 비춘 것처럼, 그 수수께끼가 너무나 쉽게 풀려버린 기분이었어. 그녀는 더 이상 신사가 예의를 갖춰 존중할 필요가 없는 그런 여자였던 거지.
죽음	어떤 이들은 침대 곁에 무릎을 꿇고, 어떤 이들은 주변에 서서 모두가 울고 있었어. [MASK]은 모든 것을 평등하게 만들지. 허락된 순간이 오면 나이도, 성별도, 재산도 그 매를 피할 수 없어. 가장 아름다운 꽃도 곧 시들고 죽기 마련이니까.
민수	일이 진행되는 동안 [MASK]는 작은 주머니에 손을 넣고 등을 돌린 채 서 있었어. 넓은 창밖을 내다보며 서 있었지. 며칠 전, 나를 멈춰 세우게 했던 그 광경을 보았던 바로 그 창문 말이야.
은서	점심을 먹고 교실 화로 옆에 앉아 있었지만, 사실 난 잠든 게 아니었어. 훨씬 더 나쁜 짓을 하고 있었지—잠시 잊고 있었던 거야. 대체 그동안 [MASK]는 어디 있었던 걸까?
민수	분명 내 위층에 다른 사람이 있었어. 타워 위에 누군가 있었지. 하지만 잔디밭에 나타난 존재는 내가 예상하고 급히 달려 나갔던 그런 모습이 아니었어. 잔디밭에 서 있던 건—그걸 확인하는 순간 구역질이 났지—불쌍한 어린 [MASK] 본인이었어.
바둑이	이틀 밤낮 동안 KTX 화물칸에 실려 끌려가는 동안, [MASK]는 물 한 모금 마시지 못했어. 잔뜩 화가 난 녀석은 처음엔 으르렁거리며 사람들을 위협했지만, 사람들은 오히려 녀석을 괴롭히며 응수했지.
바둑이	그는 자리에 앉았어. 늑대는 소리가 들려오는 쪽으로 가려다가 다시 돌아와 녀석의 냄새를 맡으며 어서 가자고 재촉하는 듯했지. 하지만 [MASK]는 몸을 돌려 천천히 왔던 길로 되돌아가기 시작했어.
바둑이	그 모든 고난 속에서도 [MASK]는 악몽을 꾸는 것처럼 비틀거리며 팀의 맨 앞에서 끌고 나갔어. 힘이 닿는 데까지 끌었고, 더 이상 버틸 수 없어 쓰러지면 채찍과 몽둥이질이 녀석을 다시 일으켜 세울 때까지 누워 있었지.
바둑이	그 순간 [MASK]는 임시 거처가 있던 곳을 내다봤고, 목과 어깨의 털이 곤두설 정도로 끔찍한 광경을 목격했어. 걷잡을 수 없는 분노가 녀석을 덮쳤지. 녀석은 자기도 모르게 맹수처럼 끔찍하고 잔인하게 으르렁거렸어.
바둑이	"나쁜 짓 하면 아주 박살을 내줄 테니 알아서 해. 알겠어?" 그는 무자비하게 두들겨 팼던 그 머리를 겁도 없이 쓰다듬었어. [MASK]는 손길이 닿자 자기도 모르게 털이 곤두섰지만, 묵묵히 참아냈지.
바둑이	[MASK]는 지배자의 본능을 깨달았어. 녀석이 털을 세우고 이빨을 드러내면 다른 개들은 알아서 길을 비켰지. 녀석이 가장 좋아한 건 화로 옆에 누워 앞발을 쭉 뻗고 머리를 든 채, 꿈꾸는 듯한 눈으로 불꽃을 바라보는 것이었어.
바둑이	녀석은 비굴하게 낑낑거리며 몸을 비틀어 자기가 적의가 없다는 걸 보여주려 애썼어. 심지어 평화를 구걸하듯 따뜻하고 젖은 혀로 [MASK]의 얼굴을 핥기도 했지. 또 하나의 교훈이었어. 아, 쟤네는 저런 식으로 하는구나?
바둑이	녀석은 쓰러진 자리에 그대로 누워 빨간 옷을 입은 남자를 지켜봤어. "이름이 '[MASK]'라고 되어 있군." 남자는 녀석이 담긴 상자를 보낸 주인이 쓴 편지를 읽으며 혼잣말을 중얼거렸어.
바둑이	[MASK] 역시 의욕이 넘쳤지만 조심성도 잃지 않았어. 서로 유리한 고지를 점하려고 주위를 빙빙 돌았지. 하지만 그때 예상치 못한 일이 벌어졌어. 수천 킬로미터의 고된 여정과 고통을 뛰어넘어, 서열 정리를 결정지을 결정적인 사건이었지.
바둑이	올가미가 무자비하게 조여오자 [MASK]는 미친 듯이 발버둥 쳤어. 혀는 입 밖으로 튀어나오고 거대한 가슴은 헛기침을 하며 헐떡였지. 평생 이런 모욕적인 대접을 받은 적도, 이렇게 화가 난 적도 없었어.
백구	백구는 [MASK]와 경찰견들에게 싸움 기술을 배웠고, 중간은 없다는 걸 알았어. 지배하거나, 지배당하거나 둘 중 하나였지. 자비는 약점일 뿐이었어. 야생의 삶에 자비란 존재하지 않았으니까.
바둑이	땅을 딛기 위해 뒤로 물러나며 녀석이 이빨을 드러내고 으르렁거리자, 강철 덫이 맞물리는 듯한 소리가 났어. 그 찰나의 순간 [MASK]는 직감했지. 드디어 때가 왔다는 걸. 이건 죽음의 결투였어.
바둑이	그는 [MASK]를 괴롭히기 위해 온갖 수단을 동원했고, 둘 중 하나가 죽어야만 끝날 싸움을 계속 걸어왔어. 여행 초반에 무슨 사고라도 나지 않았다면 진작에 사달이 났을 일이었지.
바둑이	그들은 항상 해가 진 뒤에야 짐을 풀었고, 말린 생선 토막을 씹어 먹으며 눈더미 속으로 기어 들어가 잠을 청했어. [MASK]는 배가 고파 미칠 지경이었지. 하루 배급량인 북어 한 마리 반은 간에 기별도 안 갔거든.
바둑이	[MASK]를 보자마자 그가 외쳤어. "와, 이 개 진짜 끝내주는데! 얼마요?" "30만 원, 그것도 거저 주는 거요." 빨간 옷을 입은 남자가 즉시 대답했어.
바둑이	혀를 내밀고 헐떡이며 대장 소를 노려보던 그 순간, [MASK]는 무언가 변하고 있다는 걸 느꼈어. 이 땅에서 새로운 움직임이 시작되고 있다는 걸 본능적으로 감지한 거지.
강릉	두 시간 동안 욕설과 고함을 쏟아부으며 겨우 장비를 정비한 팀은 다시 출발했어. 지금까지 겪은 것 중 가장 험난한 코스였고, 사실 [MASK]까지 가는 길 중에서도 가장 고비였지.
바둑이	불가에서 무릎 사이에 머리를 묻고 자는 털북숭이 남자를 지켜보며, [MASK]는 그가 매우 불안하게 잠을 잔다는 걸 알았어. 수시로 깨어나 겁에 질린 눈으로 어둠 속을 살피며 불속에 나무를 더 던져 넣곤 했지.
바둑이	그럴 때면 [MASK]는 녀석을 억지로 멈추려 하지 않고 그저 뒤를 쫓으며 상황을 지켜봤어. 녀석이 멈추면 같이 누워 쉬고, 녀석이 물을 마시거나 먹이를 먹으려 할 때만 사납게 공격하며 이 게임을 즐겼지.
바둑이	바둑이는 이제 할 일이 거의 없어서 다리가 짧고 털이 많은 그 남자의 환상을 더 자주 보게 되었어. 불꽃 앞에서 눈을 깜빡이며, [MASK]는 자신이 기억하는 그 다른 세상 속에서 그와 함께 헤맸지. 그 다른 세상의 가장 뚜렷한 특징은 바로 공포였어.
바둑이	그리고 이 넓은 저택은 [MASK]가 지배하는 영지였어. 여기서 태어났고, 지난 4년의 삶을 여기서 보냈지. 물론 다른 개들도 있었어. 이렇게 넓은 곳에 다른 개가 없을 리 없었지만, 그들은 전혀 중요하지 않았어.
지은	"그렇게 하는 게 좋겠어요." 그녀가 말하고는 덧붙였지. "하지만 먼저 확인부터 해봐야겠어요." 월세 낼 날은 다가오고 옷도 사야 하는 상황에서, 그 생각이 머릿속에 박히자 그녀는 곧 [MASK]의 무기력함에서 핑곗거리를 찾아냈어.
석진	그가 너무 낙담한 표정을 짓자 그녀는 덜컥 겁이 났어. 그녀는 자신이 그동안 정처 없이 떠돌고 있었다는 걸 깨닫지 시작했지. 내내 느끼고 있었던 일이었어. "이봐요, [MASK]," 그녀가 외쳤어. "왜 나가서 뭐라도 찾아보지 않는 거예요?
원장님	1875년에 숭고한 설립자가 계획한 대로, 오늘날에도 보육원은 운영될 것입니다. 그런데 말이죠, [MASK] 씨, 사교적인 성격인 제가 처음에는 비웃었던 '원장 전용 식당'이라는 당신의 아이디어가 사실 제 구원책이었어요.
식당 문구	그녀는 칼과 포크로 식탁을 두드리며 "황금의 방에 오신 걸 환영합니다"라고 노래를 불렀어. 당신도 식당 문 위에 적힌 그 문구를 기억하겠지—"[MASK]께서 보살피시리라." 우린 그걸 지우고 그 자리에 토끼 그림을 그려 넣었어.
요나	하지만 이 반박 역시 근거가 없어요. 독일의 한 성서학자는 [MASK]가 죽은 고래의 몸속으로 피신했을 거라고 추측하거든요. 마치 러시아 원정 당시 프랑스 군인들이 죽은 말을 텐트 삼아 그 안으로 기어 들어갔던 것처럼 말이죠.
1등 항해사	"[MASK]가 움직이네요." 선원이 말했어. "아주 활기찬 1등 항해사죠. 실력도 좋고 경건한 사람이지만, 지금은 아주 시퍼렇게 살아있군요. 저도 이제 일을 시작해야겠습니다." 그렇게 말하며 그는 갑판으로 향했고 우리도 그 뒤를 따랐어.
무법자들	하지만 [MASK]와 그의 무법자들은 상대하기에 너무 벅찬 상대였어. 그들은 선수 갑판을 장악하는 데 성공했고, 바람막이와 일직선으로 커다란 통 세네 개를 재빨리 돌려놓으며 바리케이드를 치고 요새를 구축했지.
신비한 인물	하지만 어찌 됐든 확실한 것은, 하급 유령들은 선원들 사이에서 금방 자기 자리를 찾았지만 여전히 그들과는 구분되는 존재였다는 거야. 하지만 머리에 터번을 두른 [MASK]는 끝까지 베일에 싸인 미스터리로 남았지.
강 선장	제37장 석양. 선실 안, 선미 창가에 [MASK]이 혼자 앉아 밖을 응시하고 있다. 내가 항해하는 곳마다 하얗고 소용돌이치는 물결이 남는다. 시샘하는 파도가 내 앞길을 가로막으려 들지만, 나는 그보다 먼저 나아갈 것이다.
강 선장	저 이교도 표범들—살아 움직이고, 먹이를 찾고, 자신들이 느끼는 열정적인 삶에 대해 아무런 이유도 대지 않는 무모하고 경외심 없는 것들 말이야! 선원들 말이야, 선원들! 그들 모두가 고래를 잡는 이 일에 있어서 [MASK]와 한마음 아니던가?
강 선장	다른 배들은 무사히 근처에서 맴돌고 있었지만, 감히 소용돌이 속으로 뛰어들어 공격할 엄두를 내지 못했어. 자칫 잘못했다가는 조난당한 [MASK]와 일행들을 즉시 몰살시키는 신호가 될 수도 있었고, 그럴 경우 자기들도 무사할 수 없었으니까.
강 선장	하지만 [MASK]가 조타수에게 밧줄을 더 감고 꽉 붙잡으라고 소리치고, 선원들에게는 몸을 돌려 배를 목표지점까지 끌어올리라고 명령했을 때, 그 위험천만한 밧줄이 이중의 긴장과 당김을 견디지 못하고 허공에서 툭 끊어져 버렸어!
만득이	그들은 길거리에서 그와 같은 야만인을 보는 데 익숙해져 있었지만, 그와 내가 그렇게 친밀하게 지내는 것을 보고 깜짝 놀랐어. 하지만 우린 아랑곳하지 않고 번갈아 가며 손수레를 밀었고, [MASK]는 가끔 멈춰서 작살의 칼날 덮개를 매만졌어.
강 선장	"아침 이 시간에 해를 등지고 동쪽으로 향한다고?" 이 말에 모두가 당황했어. [MASK]가 방금 관찰한 그 현상을 이상하게도 다른 누구도 눈치채지 못했거든. 아마 너무나 명백하게 보이는 사실이었기에 오히려 놓쳤던 모양이야.
만득이	"상어를 만든 신이 누구든 [MASK]는 상관 안 해." 그 야만인은 손을 괴롭게 위아래로 흔들며 말했어. "그게 피지 섬의 신이든 낸터킷의 신이든 말이야. 하지만 상어를 만든 신은 분명 고약한 놈일 거야."
만득이	"왜 안 깨는지 모르겠군." [MASK]는 잠든 사람의 머리맡 바로 옆으로 자리를 옮겨 도끼 모양 파이프에 불을 붙였어. 나는 발치에 앉았지. 우린 잠든 사람 위로 파이프를 주고받으며 번갈아 피웠어.
강 선장	[MASK]의 그 험악한 모습과 얼굴을 가로지르는 흉터가 너무나 강렬해서, 처음 몇 초 동안은 그가 지탱하고 서 있는 하얀 의족이 그 위압감의 원천이라는 사실조차 깨닫지 못했어.
강 선장	밧줄 미로 속에 엉키고 뒤틀린 채, 날카로운 미늘이 달린 작살과 창들이 번뜩이며 물기를 머금은 채 [MASK]의 보트 선수까지 튀어 올랐어. 이제 할 수 있는 일은 단 하나뿐이었지.
만득이	하지만 [MASK], 그는 음식을 먹을 때 아주 야만적인 소리를 냈어. 어찌나 흉측한 소리였는지, 겁에 질린 조수가 혹시 자기 팔에 이빨 자국이 남지 않았나 살펴볼 정도였지.
강 선장	[MASK]는 온통 생각에 잠겨 있어서, 돛대와 나침반을 오갈 때마다 그가 몸을 돌릴 때마다 그 생각도 함께 도는 것 같았고, 그가 걸을 때마다 생각도 함께 걷는 것 같았어. 정말 그 생각에 완전히 사로잡힌 모습이었지.
강 선장	"지난 시즌에 저기 적도 근처에서 그를 봤지." "그래서 그놈이 팔을 앗아갔단 말인가?" [MASK]가 돛 감개에서 미끄러지듯 내려와 영국인의 어깨에 기대며 물었어.
강 선장	그들은 하나둘씩 안을 들여다봤어. 그 무지한 자들은 자기 눈으로 직접 확인하지 않으면 믿지 않았으니까. 그리고는 하나둘씩 슬금슬금 물러났지. 멸시와 승리감으로 이글거리는 그의 눈에서, 치명적인 오만에 가득 찬 [MASK]를 볼 수 있었어.
만득이	우리 둘 다 잠이 다 깨버린 것 같으니 불을 좀 켜는 게 좋겠다는 [MASK]의 제안에 나도 전혀 반대하지 않았어. 게다가 그는 자기 도끼 파이프를 조용히 몇 모금 피우고 싶어 하는 눈치였거든.
강 선장	[MASK]는 생각했어. 세상의 가장 큰 행복 뒤에는 늘 사소하고 하찮은 것들이 숨어있지만, 마음속 깊은 슬픔에는 신비로운 의미가 담겨 있고, 어떤 이들에게는 천사 같은 숭고함까지 느껴진다고 말이야. 그의 세밀한 관찰이 이런 결론을 뒷받침해주었지.
강 선장	[MASK]는 멀리 지평선을 멍하니 바라보고 있었기에 그 야생 새를 보지 못한 것 같았어. 사실 그건 흔한 일이라 다른 누구라도 별로 신경 쓰지 않았겠지만, 지금은 그 어떤 사소한 장면에서도 묘한 의미를 찾아내려는 예민한 시선들이 느껴졌어.
요나	목사가 이 말을 하는 동안 밖에서 울부짖는 폭풍 소리가 그에게 새로운 힘을 실어주는 듯했어. [MASK]가 겪은 바다의 폭풍을 묘사할 때, 목사 자신도 폭풍에 휩쓸린 것처럼 보였지.
서희	"그게 진정한 민주주의죠. 저도 꽤 급진적인 사람이에요. 어머, 놀라셨나요?" "아니요, 전혀요!" [MASK]가 외쳤어. "우리도 뼛속까지 급진주의자거든요."
박 씨	능력은 없지만 실속파였던 [MASK]는 빈 트렁크 옆에 무릎을 꿇고, 두께와 크기가 제각각인 책들로 바닥을 채우려 헛된 노력을 하고 있었어. 허리를 굽힌 자세 때문에 등은 아파왔고, 아무리 애를 써도 자기가 늙어가고 있다는 사실만 뼈저리게 느껴졌지.
석진	그는 버릇없는 아이처럼 주먹으로 탁자를 쾅쾅 두드리더니 아들에게 돌아서서 말했어. "[MASK], 네가 좀 설득해봐!" "방을 드리는 게 너무나 당연한 일이잖아요." 아들이 말했어. "더 할 말이 없네요."
서희	"[MASK]가 말했어. 속으로는 공감하고 있었지만 말이야. "제 생각엔 재치 있게 베푼 친절이—" "재치!" 그는 경멸하듯 고개를 치켜들었어. 아무래도 그녀가 틀린 대답을 한 모양이었지. 그녀는 예배당을 서성거리는 그 기이한 생물을 지켜봤어.
서희	"나머지 패턴은 다른 사람들이에요. 동기도 좋지만, 울타리는 여기까지죠." "[MASK]가 웃으며 말했어. "우린 진짜 울타리 이야기를 하는 게 아니었잖아요." "아, 그렇군요, 아가씨— 시적인 비유였네요."
아주머니	"조심해서 나쁠 건 없죠." "그렇고말고요." "절대 비밀을 지켜주셔야 합니다. 수다쟁이 친구한테 한마디라도 흘렸다간—" "정확합니다." 그는 이런 불안해하는 노처녀들과 그들이 말 한마디에 부여하는 지나친 중요성에 익숙했어.
김 화백	"솔직히 말씀드리면 제 안목에는 이 정도 규모도 충분히 과분합니다. 석굴암 천장을 바라볼 때 느끼는 그 웅장함이 제가 감당할 수 있는 딱 마지노선이거든요. 하지만 경복궁 근정전이나 [MASK]의 거대 불상 같은 건 아무리 공짜로 준다 해도 제 그릇에는 너무 벅차서 사양하겠습니다. 아, 마침 저기 차가 오네요."
서희	그녀가 외쳤어. "좋은 생각이 있어요. 독신녀들은 어때요?" "오, [MASK], 정말 멋진 생각이야. 그런 분들을 좀 알아?" "네, 해외에서 만났어요." "품격 있는 분들인가?" 그가 조심스럽게 물었어.
복실이	그들이 집 안으로 들어가자 더 이상 소리가 들리지 않았고, [MASK]가 나를 마구간으로 데려갔어. 오, 그날 밤 그가 준 저녁 식사는 정말 최고였어! 맛있는 밀기울 죽에 으깬 콩을 섞은 귀리, 그리고 두툼하게 깔린 짚 침대까지 말이야!
검둥이	주변은 점점 어두워지고 고요해졌어. 나는 부드러운 길 위를 조용히 달렸고 바퀴 소리조차 거의 들리지 않았지. 한참 동안 주인님도 [MASK]도 말이 없더니, 마침내 주인님이 진지한 목소리로 입을 열어 말했어.
검둥이	그 말을 듣고 정말 다행이라고 생각했어. 의사 선생님 말로는 조금만 늦었어도 큰일 날 뻔했다고 하더라고. [MASK]는 우리 주인님한테 그렇게 빨리 달리는 말은 평생 처음 봤다고 말했어.
검둥이	"착하지!" [MASK]가 말하며 고삐를 잡고 강변 우측 도로로 나를 부드럽게 돌려세웠어. 해는 이미 졌고, 나무를 뿌리째 뽑아버릴 듯했던 거센 바람도 이제는 조금 잦아든 것 같았지.
목동	"그가 건초더미 위에 앉아서 풍차처럼 긴 팔을 휘젓고 있네요." "정말 열심히 일하는군요." 말을 타고 있던 젊은 여자가 두꺼운 베일 너머로 [MASK]를 올려다보며 말했어. "그가 여기서 목동 일을 했으면 좋겠네요."
양 떼	그는 침대에서 벌떡 일어나 옷을 입고, 안개 낀 새벽길을 달려 언덕으로 올라갔어. 새끼를 곧 낳을 양들은 나중에 낳을 양들과 따로 떼어놓았는데, [MASK]의 양 떼 중 나중에 새끼를 낳을 양은 200마리 정도였지.
시인	[MASK]나 '멜로디'에서 인용하면 그들도 알아듣겠지. 구두 굽을 딱딱거리고 발을 끄는 남자들의 소리가 그와 그들의 문화적 차이를 일깨워주었어. 그들이 이해하지도 못할 시를 인용해봐야 웃음거리만 될 뿐이었지.
민수	"안 그래도 애를 너무 늦게까지 잡아두셨네요." 우리 삼촌은 깜빡했다며 미안해하셨어. 그러면서 옛말을 인용하셨지. "공부만 하고 놀지 않으면 [MASK]는 바보가 된다는 말이야."
박 씨	아직 설명되지 않은 사실 하나는, 주인의 발자국이 대문을 통과할 때부터 모양이 변했다는 [MASK]의 증언입니다. 그때부터는 마치 발가락으로만 걷는 것처럼 보였다고 하더군요.
명 탐정	"이보게 친구, [MASK]도 지혜롭긴 했지만 내가 이 황무지에 온 뒤로 일어난 일들은 다 예측하지 못했을 걸세. 내 말 이해하나? 자네가 남의 잔치에 초 치는 그런 사람은 아닐 거라고 믿네."
준호	"결국 자네도 봤다시피 그녀와 함께 가버렸고, 나만 이 동네에서 제일 머리 아픈 사람이 됐군. [MASK], 대체 이게 다 어떻게 된 일인지 말 좀 해주게. 그럼 내 평생 그 은혜는 잊지 않겠네."
명 탐정	공기가 차가워져 우린 온기를 찾아 오두막 안으로 들어갔어. 거기서 황혼 녘에 함께 앉아, 나는 [MASK]에게 그 부인과 나눈 대화를 들려주었지. 그는 어찌나 흥미로워하는지 내가 몇 번이나 다시 말해줘야 만족하더라고.
명 탐정	"그럼 2시에 다시 만납시다. 나중에 봬요, 좋은 아침입니다!" 손님들이 계단을 내려가 현관문을 쾅 닫는 소리가 들렸어. 그 찰나의 순간, [MASK]는 나른한 몽상가에서 행동파로 돌변했지.
준호	"그녀는 서울에 올 때마다 항상 저희를 찾아옵니다." "고맙네. 아쉽게도 난 그녀를 잘 모르지만 말이야. [MASK], 이 질문들 덕분에 아주 중요한 사실을 알아냈네." 우리가 함께 계단을 올라가며 그가 낮은 목소리로 계속 말했어.
준호	"이보게 [MASK], 자네는 태생부터가 행동파야. 본능적으로 늘 에너지가 넘치는 일을 찾지. 하지만 가령, 오늘 밤 그를 체포한다고 칩시다. 그게 우리한테 무슨 실질적인 도움이 되겠나?"
준호	"나도 봤어. 그건 아마 가짜였을 거야. 그렇게 은밀한 임무를 수행하는 영리한 놈이 얼굴을 가리는 용도 외에 수염을 붙일 리가 없지. [MASK], 이리 들어오게!"
준호	"그때쯤이면 이 사건이 내게 어떤 의미인지 더 명확하게 말해줄 수 있을 것 같네." "자네도 괜찮은가, [MASK]?" "물론이죠." "그럼 오실 거로 알겠네. 택시를 불러줄까?"
명 탐정	"위작은 아닐세. 캔버스 뒷면에 1647년이라는 날짜와 이름이 적혀 있거든." [MASK]는 그 뒤로 별말이 없었지만, 그 고풍스러운 초상화에 완전히 매료된 듯 저녁 식사 내내 눈을 떼지 못했어.
명 탐정	"그래서 남은 잔금이 얼마였죠?" "7억 4천만 원입니다." [MASK]는 깜짝 놀라 눈썹을 치켜올렸지. "그렇게 엄청난 금액이 걸린 일인 줄은 꿈에도 몰랐군요."
명 탐정	"정말 다행이군. 이걸 여기 뒀는지 아니면 선박 사무소에 뒀는지 헷갈렸거든. 이 지팡이는 목숨보다 소중한 거라네." "[MASK]께서 선물로 받으신 거로군요."
준호	"그 남자는 분명 시골 의사일 거야. 그리고 아주 많이 걷는 편이지." "그럼 내 말이 맞았네." "어느 정도는 말이야." "그게 전부인가?" "아니, 이보게 [MASK], 그게 전부가 아닐세. 절대 아니지."
박 씨	이탈리아인이 남긴 그 어두운 암시들은 강렬했지만, 내 머릿속에 박힌 [MASK]의 성격에 비하면 아무것도 아니었어. 그의 표정에는 그 모든 흉측한 비밀들이 고스란히 적혀 있는 것 같았지.
주홍	"당신을 알아요, [MASK]. 그 징표를 보았거든요. 햇살 아래에선 모두가 볼 수 있고, 어둠 속에서는 붉은 불꽃처럼 타오르죠. 당신이 그걸 숨기지 않고 당당히 달고 있으니 의문의 여지가 없네요. 그런데 저 원장님은 대체!"
진주	아이는 턱을 가슴에 묻고 이 문양을 아주 묘한 시선으로 응시했어. 마치 세상에 태어난 유일한 목적이 이 숨겨진 의미를 알아내는 것인 양 말이야. "엄마가 이게 무슨 뜻인지 물어볼까?" [MASK]는 생각했지.
주홍	오랫동안 사회와 격리되어 살면서 자신의 옳고 그름을 외부의 잣대로 판단하는 데 익숙하지 않았던 [MASK]는, 그 목사님에 대한 책임감이 자신에게 있다는 것을 깨달았어. 그건 다른 누구도, 세상 그 무엇도 대신해줄 수 없는 것이었지.
주홍	그녀는 몇 번이고 반복해서 물었어. "화내지 않을 거죠? 나를 용서해 줄 건가요?" "당신을 용서하오, [MASK]." 목사님이 마침내 대답했어. 분노가 아닌, 깊은 슬픔의 구렁텅이에서 끌어올린 무거운 목소리였지.
주홍	이곳에 다시 그 붉은 치욕의 흔적이 번뜩이고 있었어! 그것이 형상화되었든 아니든, 악행은 결국 파멸이라는 성격으로 남기 마련이지. [MASK]는 무거운 머리칼을 모아 모자 속으로 집어넣었어.
주홍	그런 비상 상황에서 [MASK]의 본성은 따뜻하고 풍요롭게 빛났어. 인간적인 다정함의 샘물 같았지. 그녀의 가슴에 달린 치욕의 징표는, 오히려 위로가 필요한 이들에게는 세상에서 가장 부드러운 베개였어.
진주	어느 여름날 오후, [MASK]가 뛰어다닐 만큼 컸을 때, 아이는 들꽃을 한 움큼 꺾어 엄마의 가슴에 하나씩 던지며 놀았어. 주홍색 낙인에 꽃이 맞을 때마다 마치 작은 요정처럼 깡충깡충 뛰며 즐거워했지.
주홍	"이제 작별이오, [MASK]!" 목사님이 말했어. "우리 다시 만날 수 없나요?" 그녀가 얼굴을 가까이 대고 속삭였어. "영원한 삶을 함께할 순 없을까요? 우리, 이 모든 고통으로 서로를 구원한 거잖아요!"
진주	그리고 [MASK]는 그 비명을 엿듣거나, 혹은 어떤 예민한 감각으로 그 고통의 고동을 감지한 듯, 생기 넘치고 아름다운 얼굴로 엄마를 바라보며 영특한 미소를 지어 보이고는 다시 놀이에 집중했어.
주홍	"그 낙인을 떼어내는 것은 법관들의 권한이 아닙니다." [MASK]가 차분하게 대답했어. "만약 제가 그것으로부터 벗어날 자격이 있다면, 그것은 자연히 떨어져 나가거나 다른 의미를 지닌 무언가로 변하겠지요."
진주	하지만 그때, 자신이 준 위로에 항상 고통의 한 조각을 섞어 넣어야만 하는 기이한 본능에 이끌려, [MASK]는 입을 맞춰 그 주홍색 낙인에 키스했어.
주홍	사회가 그녀의 죄를 얼마나 가혹하게 바라보는지 보여주는 예외적인 상황이었지. [MASK]는 그저 자신을 위해서는 가장 검소하고 절제된 생활을, 아이를 위해서는 소박한 풍요로움을 얻는 것 이상의 아무것도 탐하지 않았어.
주홍	"아이가 왜 그러는지 알 것 같아요." [MASK]는 불안과 짜증을 숨기려 애쓰며 창백해진 얼굴로 목사님께 속삭였어. "아이들은 매일 보던 익숙한 풍경이 조금만 바뀌어도 참지 못하거든요."
주홍	[MASK]는 스스로에게 묻지 않을 수 없었어. 목사님을 그렇게 불길하고 희망 없는 상황으로 내몬 것에 대해, 과연 자신에게 진실함과 용기, 그리고 의리가 부족했던 건 아니었는지 말이야.
주홍	이 한적하고 외딴 집에서, 적은 돈을 가지고 당국의 감시를 받으며 [MASK]는 어린 아이와 함께 정착했어. 그 장소에는 즉시 기묘한 의심의 그림자가 드리워졌지.
진주	그리고 거기엔 [MASK]도 있었어. 방해꾼이었던 세 번째 인물이 사라지자마자 시냇가에서 가볍게 춤추듯 다가와 엄마 곁의 예전 자리를 되찾았지. 목사님이 잠들어 꿈을 꾼 게 아니었어!
주홍	"내가 당신에게 큰 죄를 지었소." [MASK]가 중얼거렸어. "우린 서로에게 죄를 지은 거요." 그가 대답했지. "당신의 피어나는 젊음을 나의 쇠락한 삶과 억지로 묶어버린 내 잘못이 먼저였소."
주홍	"당신도 알잖아요." [MASK]가 말했어. 마음이 꺾인 상태였지만 자신의 수치를 건드리는 그 마지막 칼날 같은 말은 견딜 수 없었지. "당신도 내가 솔직했다는 걸 알잖아요. 난 사랑을 느끼지도, 꾸며내지도 않았어요." "맞소." 그가 대답했어.
주홍	그리고 그 수치심! 몰상식함! 죄지은 마음이 자신을 비웃는 눈앞에 적나라하게 드러나는 그 끔찍한 추함이라니! "여자여, 당신이 이 모든 일에 책임이 있어! 난 당신을 용서할 수 없소!" "절 용서해야만 해요!" [MASK]가 낙엽 위에 쓰러진 그의 곁으로 몸을 던지며 외쳤어.
주홍	낯선 사람들이 주홍색 낙인을 호기심 어린 눈으로 쳐다볼 때마다—그런 사람은 한 명도 빠짐없었지—그 시선은 [MASK]의 영혼에 새로운 낙인을 찍는 것 같았어. 그래서 그녀는 자기도 모르게 손으로 그 표식을 가리고 싶은 충동을 느끼곤 했지만, 항상 참아냈지.
주홍	"시냇물을 건너와서 엄마를 받아주겠니? 수치심에 찌든, 슬픔에 잠긴 이 엄마를 말이야." "네, 갈게요!" 아이는 시냇물을 껑충 뛰어넘어 [MASK]를 품에 안으며 대답했어. "이제 정말 우리 엄마 같아요!"
주홍	사실 전문가의 도움이 절실했어. [MASK] 본인뿐만 아니라 아이에게는 더 시급했지. 엄마의 젖을 먹고 자란 아이는, 엄마의 몸속에 퍼진 그 모든 혼란과 고통, 절망까지도 함께 마셔버린 것 같았거든.
주홍	심지어 소외 계층 사람들조차 묘한 시선으로 그녀를 바라봤어. 군중 사이를 지나며 그 뱀 같은 검은 눈동자로 [MASK]의 가슴을 뚫어지게 쳐다봤지. 아마 저렇게 화려하게 수놓은 장식을 달고 있는 걸 보니, 그녀가 자기 부족에서 아주 높은 지위에 있는 사람일 거라고 짐작했을지도 몰라.
주홍	"그리고 왜 목사님은 항상 심장 위에 손을 얹고 계시는 거예요?" "뭐라고 대답해야 할까?" [MASK]는 속으로 생각했어. "안 돼! 만약 이게 아이의 동정심을 얻기 위한 대가라면, 난 치를 수 없어." 그리고 그녀는 소리 내어 말했지.
주홍	"당신은 더 이상 이 남자와 함께 살면 안 됩니다." [MASK]가 느리지만 단호하게 말했어. "당신의 마음이 더 이상 그의 사악한 눈길 아래 놓여선 안 돼요!" "그건 죽음보다 더 끔찍한 일이오!" 목사님이 대답했어. "하지만 어떻게 피한단 말이오?
주홍	[MASK]가 이런 생각을 덜 하던 시기도 있었어. 혹은 자신의 불행에 빠져서, 목사님이 겪는 고통이 자신이 상상하는 것보다 더 견딜 만한 운명일 거라고 방치했는지도 모르지.
주홍	하지만 그 소박했던 시절에는, [MASK]와 아이의 안위보다 훨씬 덜 중요한 공적인 사안들조차 국가의 중대사나 법안 논의와 묘하게 얽히곤 했어.
주홍	자신의 존재와 깊이 결합되어 있던 그 고통으로부터 자유를 얻으려는 순간, [MASK]의 마음속에 일말의 후회가 스치는 것은 인간의 본성으로 볼 때 그리 이상한 일은 아닐 거야.
주홍	보라, [MASK]가 달고 있는 저 주홍색 낙인을! 여러분 모두 그것을 보며 몸서리쳤을 것이다! 그녀가 어디를 걷든, 그 비참한 짐을 지고 어디서 안식을 찾으려 하든, 그 낙인은 그녀 주변에 경외감과 끔찍한 혐오의 빛을 뿌려왔다.
서희	자, 이제 잠이 오길 기다리며 여기 누워 있어요. 연극 속의 [MASK]처럼 화관과 꽃들을 곁에 두고 말이죠. 전에는 마늘 냄새를 싫어했는데, 오늘 밤은 참 좋네요! 그 냄새 속에 평화가 있어요. 벌써 잠이 솔솔 오네요.
서희	"그분들의 친절에 정말 감동했어요. 아마 제가 지금 몸이 약해져서 그렇거나, 아니면 [MASK] 때문일지도 모르죠. 여자들의 다정함이 발휘되는 이런 순간들을 저는 수도 없이 봐왔거든요."
서희	8월 13일. 평온한 하루가 지나고, 전처럼 열쇠를 손목에 묶고 잠자리에 들었어. 밤중에 다시 잠에서 깼는데, [MASK]가 침대에 앉아 자면서 창밖을 가리키고 있는 걸 발견했지.
서희	내 판단이 맞았기를. 문을 잠그고 열쇠를 손목에 묶어 두었으니 이제 더 이상 방해받지 않을 거야. [MASK]는 깊이 잠들어 있고, 새벽빛이 바다 저 멀리서 밝아오고 있네....
서희	그녀에게 불필요한 고통을 줄까 봐 이 마지막 이야기는 하지 않았어. 하지만 백작이 그 불쌍한 [MASK]의 피를 빨았을 때 일어난 일을 생각하면 지금도 온몸의 피가 거꾸로 솟는 것 같아.
한우	내가 고삐를 늦추자 그들은 아주 얌전하게 나아갔어. 곧 우리는 [MASK]가 그 놀라운 일기장에 기록했던 모든 것들을 발견하게 됐지. 그러고 나서 우린 몇 시간이고 계속 길을 갔어.
서희	[MASK]는 거칠게 숨을 몰아쉬고 있었고, 입을 벌린 채 창백한 잇몸을 드러낸 모습은 정말이지 최악이었어. 희미하고 불안정한 빛 아래서 그녀의 치아는 아침보다 더 길고 날카로워 보였지.
한우	아, 하지만 그 문장은 정말 엉망이군, 안 그래? 이제야 백작이 그 돈을 챙길 때 무슨 생각이었는지 알 것 같아. [MASK]의 그 서슬 퍼런 칼날이 자신을 위협하고 있었음에도 말이야. 그는 탈출을 계획하고 있었던 거야.
심청	"그녀는 내 시선을 외면하더니 이내 일어나 말없이 제 길을 갔어. 그 곧은 뒷모습에는 왠지 모를 서글픈 고독이 뚝뚝 묻어났지. 마치 시퍼런 인당수 물결 앞에 홀로 선 [MASK]를 보는 듯했어. 소란스러운 세상 살면서 이토록 깊은 슬픔과 고요가 머무는 자리를 마주하는 게 어디 흔한 일이겠어."
저승사자	그 죽음의 기운은 평생 풍랑을 견뎌온 늙은 어부들의 거친 얼굴 위에도 깊게 배어 있었어. 저승사자가 그들을 데리러 온다면, 요즘의 가느다란 화살 따위가 아니라 옛 수묵화 속에서나 보았을 법한 묵직하고 투박한 작살을 들고 나타날 것만 같았지.
박 씨	그리고 남은 것들—열쇠를 제자리에 두고 시간을 맞추고 하는 그 모든 일 말이야.... 내 보기엔 마치 [MASK]의 속임수 같아. 일종의 퍼즐 맞추기 같은 거 말이지, 알겠어?
김 비서	그리고 사실 [MASK]는 그의 말을 다 듣고 있었어. 이제 막 문을 열고 아가씨에게 점심이 준비됐다고 알리려던 참이었는데, 갑자기 튀어나온 원장님 때문에 계단에서 굴러떨어질 뻔했거든.
재원	그녀는 창백하다 못해 하얗게 질려 있었고, 검은 눈동자와 머리카락은 안색의 변화를 더욱 도드라지게 만들었어. 오늘 저녁 그녀의 모습이 어찌나 강렬했던지, 남편조차 잠시 넋을 잃고 감탄하다가 갑자기 멈춰 서서 물었지. "[MASK]의 이름으로 맹세코, 이게 대체 무슨 일이야?"
성진	학동들이 구절마다 그를 따라 읊었어. [MASK]은 혀가 입천장에 달라붙는 듯한 긴장 속에서도 고개를 숙이고 일심으로 기도했지. "오, 신이시여! 진심으로 참회하나이다. 당신의 뜻을 어긴 이 죄인을 굽어살피소서."
성진	"자네는 마지막 심판의 날에 그 문책을 듣게 될 것이 두렵지 않은가? 그 대가로 자네에게 약속된 것이 무엇이란 말인가?" [MASK]가 물었어. "고작 학생처장님 곁에서의 영원한 평온함인가?"
성진	"나를 쫓아오세요, 아가씨들! 내가 기마대의 대장이오!" 동료의 거친 농담이 [MASK]의 마음속 서원을 돌풍처럼 휩쓸고 지나가자, 벽에 걸려 있던 무미건조한 법복들이 살아 움직이며 무질서한 춤을 추는 환영이 보였어.
성진	"네 안색을 보니 꿍꿍이가 있구나. 안경은 어디서 깨 먹었느냐?" [MASK]은 공포와 조급함에 눈앞이 캄캄해진 채 교실 한가운데로 비틀거리며 들어섰어. 학생처장님이 다시 물었지. "어디서 깨 먹었느냐?" "운동장 자갈길에서 그랬사옵니다." "허허, 이놈 보게!"
성진	"자네가 노란 도포를 입기로 결심했을 때가 우리 유학사에 큰 획을 그은 날이었지." 그들은 담배를 피워 물고 우측으로 방향을 틀었어. 잠시 침묵을 지키던 [MASK]가 입을 열었어. "아리스토텔레스조차 자비와 경외에 대해 이토록 명확히 정의하진 못했네. 하지만 난 해냈지."
허생	그가 처음 한문을 배울 때 익힌 구절은 '인도는 상아를 보낸다'였어. 그는 고전인 [MASK]의 《변신 이야기》를 우아한 언어로 풀어내며, 돼지나 질그릇 같은 사소한 것들조차 기묘한 운율로 가르치던 훈장님의 예리한 안색을 떠올렸지.
성진	"모두 안녕히 계십시오." [MASK]는 미소 지으며 손끝으로 작별 인사를 건넸어. 서원 뒤편 골목은 물바다였고, 그는 오물을 피해 조심조심 발걸음을 옮기며 담장 너머에서 들려오는 광녀의 날카로운 울음소리를 들었지.
성진	[MASK]는 훈장님이 지난 휴가와 타지의 서원들, 그리고 스승들의 전임에 대해 엄숙하면서도 다정하게 이야기하는 목소리의 고저와 간극을 귀 기울여 따라갔어.
성진	커다란 화로 앞에 누군가 웅크리고 있었는데, 그 마르고 초라한 뒷모습을 보고 [MASK]는 그가 불을 지피고 있는 학생처장님이라는 걸 알았어. 그는 조용히 문을 닫고 다가갔지. "안녕하십니까. 제가 좀 도와드릴까요?"
성진	"그런 생각은 단 한 번도 해본 적이 없습니다." [MASK]가 대답했어. "하지만 궁금하군요. 저를 바른길로 인도하시려는 겁니까, 아니면 스스로를 타락시키려는 겁니까?" 친구의 얼굴에는 무언가 의미심장한 의지가 담긴 거친 미소가 서려 있었지.
성진	[MASK]는 아버지 곁을 걸으며 예전에 들었던 이야기를 다시 들었어. 아버지의 젊은 시절을 함께했던, 이제는 뿔뿔이 흩어지거나 세상을 떠난 풍류객들의 이름을 들을 때마다 그의 가슴엔 옅은 비애가 스쳤지.
가브리엘	그 찰나의 순간은 빛의 점처럼 번뜩였고, 이제 모호한 상황의 구름들이 그 잔광을 부드럽게 가리고 있었어. 오! 상상의 순결한 태 안에서 말씀이 육신이 되었구나. 천사 [MASK]가 성스러운 여인의 방에 당도한 것만 같았어.
성진	[MASK]는 말을 멈췄어. 비록 동행은 아무 말이 없었지만, 그의 말들이 주변에 묘한 침묵을 불러일으켰다는 걸 느꼈지. "내가 말한 것은," 그가 다시 입을 열었어. "문학적 전통 속에서 흐르는 숭고한 아름다움에 관한 것이었네."
성진	[MASK]는 무대 뒤편에 남았어. 극장의 어둠과 정적, 그리고 그곳에 감도는 고단하고 형식적인 분위기 때문에 그는 전보다 더 우울해졌지. 책상 위에는 누군가 날카로운 칼로 '태아'라고 여러 번 새겨놓은 글자가 보였어.
성진	창밖으로 보이는 따뜻하고 화창한 도시의 기운과, 기묘하면서도 슬픈 행복이 담긴 아버지의 목소리가 [MASK]의 머릿속에 남아있던 밤의 나쁜 기운들을 모두 몰아내 주었어.
성진	"자네 참 성미 급한 사람이구먼, 알고 있나?" 그는 말하며 쑥스럽게 웃었어. 그리고 다정한 눈빛으로 [MASK]를 보며 말했지. "자네 스스로도 자네가 아주 다혈질이라는 거 알고 있나?"
성진	빛이 사그라들었어. 그는 볼 수 없었지. 그것이 친구의 무기력한 침묵과 독설, 그리고 [MASK]의 열정적인 고해를 산산조각 냈던 그 무례한 언사들을 설명해 줄 수 있을까?
지수	"우리의 어머니 [MASK]께 도와달라고 기도하렴. 그분이 널 도와주실 거야. 죄악이 네 마음을 파고들 때 성모님께 기도하렴. 넌 분명 그렇게 하겠지, 그렇지? 넌 그 모든 잘못을 뉘우치고 있으니까."
성탄	그는 어머니와 함께 친척 집을 한두 번 방문했어. 크리스마스를 맞아 화려하게 장식된 상점가들을 지나쳤지만, [MASK]의 마음속에 자리 잡은 독한 침묵은 사라지지 않았지. 그 원망의 이유는 아주 오래전부터 켜켜이 쌓여온 것이었어.
민수	"허허!" 그가 외쳤어. "이 아이는 누구냐? 왜 무릎을 꿇고 있지? 이름이 무엇이냐?" "민수입니다." "허허, [MASK]! 보아하니 게으름뱅이로구나. 네 눈에 다 쓰여 있다."
준호	"더 이상 조사하지 마세요. 검시관은 아직 안 만났지만 내가 책임지겠습니다." "글쎄," [MASK]는 생각했어. "덕분에 껄끄러운 일 하나는 덜었군. 목격자들 중에는 그 젊은 여자 말고는 확신하는 사람이 아무도 없었으니까."
지윤	[MASK]는 어머니 곁에 앉아, 저항하지 않는 어머니의 머리를 자기 가슴에 기대게 했어. 그리고 부드러운 뺨을 대며 다정하게 달랬지. "사랑하는 엄마! 우리가 엄마를 아프게 할까 봐 얼마나 걱정했는지 몰라요."
준호	"그 일 때문에 완전히 넋이 나갔더라고요. 바보들이 사고 치는 건 어쩔 수 없다고 말해봤자 소용없어요. [MASK] 씨처럼 그렇게 상심한 사람은 처음 봤습니다." "그런데 대체 왜 그러는 거죠?" 지윤이 물었어.
나영	"그애가 뭐라도 좋은 생각을 내놓겠지, 안 그래 나영아?" "전 늘 아픈 게 아니라고요." [MASK]가 퉁명스럽게 말했어. "그리고 엄마랑 같이 안 갈 거예요. 오늘 머리가 아파서 밖으로 한 발짝도 안 나갈 거니까요."
석진	"그가 예전에 양복점 보조였다는 걸 아는 사람은 별로 없을 거야. 지금의 그를 만든 건 순전히 본인의 힘이지." "하지만 당신이 그 작은 집에서 다시 파티를 열 수 있겠소? [MASK]의 집은 당신네 집보다 세 배나 더 큰데 말이오."
연산	"쯧쯧, 내가 말했잖나! 그는 끈기도 기백도 없는 달팽이 같은 놈이야. 땡전 한 푼의 가치도 없지. 알만 낳고 품지는 못하는 꼴이라니! [MASK]의 '영아 학살'이라는 이름이 더 어울리겠군. 채소만 먹으며 불임의 동거라니, 참나!"
희철	"그녀는 고향에서 아주 멀리 떨어져 있지. 그리고 [MASK], 그놈은 그 거만한 얼굴로 큰 시가나 피워대며 으스대고 말이야. 가관이야! 그가 결혼한 그 덩치 큰 여자도 뒤태가 볼링장 벽면 같은 게 아주 볼만하더군."
엘리야	그들은 빛의 영광에 싸여 마차에 오른 그를 보았어. 태양 같은 옷을 입고 달처럼 아름답고도 두려운 모습이라, 그들은 경외감에 감히 쳐다보지도 못했지. 그때 하늘에서 목소리가 들렸어. "[MASK]!"
혜린	그녀들의 눈은 무자비하게 그녀를 탐색했지만, 그녀는 용기를 내어 미소로 맞대응했어. 새로 유혹한 남자를 그녀들에게 자랑하듯 쳐다보며 말이야. "[MASK]가 번개처럼 빠르게 대답했고, 자신만만하게 고개를 치켜들었어."
성진	그는 작별의 표시로 [MASK]의 지팡이를 홱 잡아챘어. 그리고 절벽 끝으로 달려가더니, 마치 하늘로 솟구치려는 듯 양손을 지느러미나 날개처럼 파닥거리며 노래했지. "안녕, 이제 정말 안녕!"
성진	(대답이 없다.) 이름을 부르면 대답하겠지. 몽유병자처럼. (그는 다시 몸을 굽혀, 망설이다가 쓰러진 사람의 얼굴 가까이에 입을 갖다 댄다.) "[MASK]!" (대답이 없다. 그는 다시 부른다.)
상원	"여자는, 아니 특정 여자는 그 압박을 견뎌낼 수 있을지도 몰라요. 하지만 남자가 그럴 수 있을까요?" 그가 물었어. [MASK]의 대답은 마치 이미 정답을 알고 있었다는 듯 막힘이 없었지. "높은 도덕적 신념 없이는 불가능하죠."
상원	"하지만 당신 스스로도 너무 과한 거 아니에요?" "오, 당연하죠!" 그 비난을 마치 도망쳐야 할 기정사실인 양 받아들이며, [MASK]는 떠날 채비를 했어.
상원	[MASK]는 뜻밖의 선호도에 대해 그에게 캐묻지 않았어. 억누를 수 없는 결벽증과 함께, 자신이 다른 것을 추구하는 과정에서 얻은 그 미묘한 예의범절을 느꼈기 때문이지.
상원	"그건 아주 극명하게 대조되죠. 모든 면에서요." "그렇다면 당신이 원하는 것과 가장 크게 부딪히겠군요?" "오," [MASK]가 말했어. "내가 원하는 게 뭔지 이제는 측정할 수도, 이해할 수도 없게 됐어요."
상원	[MASK]는 그 질문을 정면으로 마주했고, 대답은 더욱 단호했어. "그 일을 나한테 떠넘기지 마, 친구!" "글쎄요, 무슨 뜻인지 알겠어요. 당신이 아주 훌륭하게 대처할 거라는 건 알지만, 그녀를 보고 싶지 않은 거군요."
나으리	그러더니 그는 몸을 굽혀 연필 끝으로 열쇠구멍 주변을 쿡쿡 찌르기 시작했어. 일어섰을 때 그의 얼굴은 승리감으로 가득했지. "안에서 잠겼어." 그가 낮은 목소리로 말했어. "안에 누가 있어." "[MASK], 자비를 베푸소서!"
다문화	"네, 전에는 제가 스웨덴 사람이라는 게 부끄러웠지만 이제는 아니에요. [MASK]는 아주 흔한 성씨지만, 그래도 무엇이든 '어떤 존재'가 되는 게 낫다고 생각해요." "정말 그래요! 키가 정말 많이 컸군요."
은서	[MASK]는 그 드레스를 받아 들고 경건한 침묵 속에서 바라보았어. 오, 어찌나 예쁜지! 실크처럼 윤기가 흐르는 부드러운 갈색 원단에, 정교한 주름과 장식이 달린 치마, 그리고 목 부분의 얇은 레이스까지 아주 세련된 모습이었지.
은서	[MASK]는 눈물을 터뜨리며 현관으로 달려가 문을 쾅 닫아버렸어. 그 충격에 벽에 걸린 냄비들이 요란하게 떨렸지. 그녀는 회오리바람처럼 복도를 지나 계단을 뛰어 올라갔어. 잠시 후 위층에서 들려온 육중한 문소리는 그녀의 방 문도 만만치 않게 세게 닫혔음을 말해주었지.
은서	그날 밤 그녀는 정말 예뻐 보였어. [MASK]에게는 영원히 금지된 화사한 분홍색 드레스를 입고 있었거든. 하지만 그녀는 공연에 참여하지 않았기에 그녀의 차림새는 그리 중요하게 여겨지지 않았어.
다영	"은서를 취하게 하려던 건 절대 아니었어요. 제가 어떻게 그러겠어요? 사랑 많은 분들에게 입양된 불쌍한 고아 소녀에게 세상에 단 하나뿐인 절친이 생겼다고 상상해 보세요. 그런 친구를 일부러 취하게 하겠어요?" [MASK]가 물었어.
아버님	"당신과 [MASK]에게 정말 감사드려요. 열심히 공부해서 두 분의 기대에 어긋나지 않는 사람이 될게요. 기하학은 좀 자신 없지만, 다른 과목은 노력하면 잘해낼 수 있을 것 같아요."
은서	"그 시절엔 네가 참 실수도 많았지, [MASK]. 맨날 사고만 치고 다녔잖아. 가끔은 네가 무언가에 홀린 게 아닌가 싶기도 했어. 머리카락 염색했던 거 기억나니?" "그럼요, 기억나고말고요."
마 원장	"난 사물을 실제와 다르게 상상하는 건 믿지 않는다." [MASK]가 쏘아붙였어. "신께서 우리를 이런 환경에 두셨을 때는 상상으로 도망치라는 뜻이 아니야. 아, 그러고 보니 생각났다."
은서	"우리는 좋은 친구가 되기 위해 태어난 거야, [MASK]. 넌 이미 운명을 충분히 거스르며 살아왔어. 서로 도울 수 있는 게 많을 거야. 공부 계속할 거지? 나도 그럴 거야. 자, 집까지 같이 가자."
마 원장	"말이 너무 많아," [MASK]는 생각했어. "하지만 훈련시키면 고쳐지겠지. 적어도 무례하거나 상스러운 말을 하지는 않으니까. 교양이 있어. 부모님이 좋은 분들이셨던 게 분명해."
마 원장	"사과 꽤 잘했지, 그지?" 골목을 내려가며 그녀가 자랑스럽게 말했어. "어차피 할 거라면 제대로 하는 게 낫다고 생각했거든." "[MASK]의 말대로 넌 정말 완벽하게 사과했어."
길동	"원하는 게 있느냐? 재물이냐, 아니면 무엇이냐? 네가 원하는 걸 다 들어줄 수 있도록 [MASK]의 램프라도 가져다주고 싶구나." 그는 그녀가 필요한 게 있어도 좀처럼 먼저 말하지 않는다는 걸 알게 됐어.
서연	"난 안 그래! 머리를 올린다고 숙녀가 되는 거라면, 난 스무 살이 될 때까지 머리를 양 갈래로 땋고 다닐 거야!" [MASK]가 머리망을 벗어 던지며 밤색 머리카락을 거칠게 흔들었어.
지은	"난 커서 뭐가 될지 한 번도 계획해본 적이 없어. 언니들처럼 결혼할 생각도 안 해봤고. 그냥 집안이나 왔다 갔다 하는 미련하고 보잘것없는 [MASK] 말고는, 내가 어디서도 쓸모 있는 사람이 될 거라는 상상이 안 가."
서연	"마음만 먹으면 나도 그 정도는 쓸 수 있어." 쓰레기 같은 글에 감탄하는 그를 보며 [MASK]가 재밌다는 듯 대꾸했어. "그렇게만 된다면 나야말로 운 좋은 녀석이지. 그런 소설로 꽤 짭짤한 수입을 올린다고들 하더라고."
지은	[MASK]는 가끔 나태해지거나 슬픔에 잠기기도 했지만, 꿋꿋이 버텨냈어. 매일 작은 소임들을 성실히 해냈고, 건망증 심한 언니들의 몫까지 챙겼지. 덕분에 집안은 시계추가 빠진 시계처럼 멈추지 않고 잘 돌아갔어.
혜원	"난 벽난로 앞에 서 있는 나쁜 버릇이 있거든. 그래서 옷을 자주 태워 먹는데, 이번에도 이 옷을 좀 그을렸어. 잘 꿰매긴 했지만 티가 좀 나네. [MASK]가 아무도 못 보게 가만히 있으라고 하더라고."
서연	"지금은 네 잘난 척이 귀엽게 보일지 몰라도, 조심하지 않으면 나중에 아주 피곤한 사람이 될 거야. 격식을 안 차릴 때의 네 다정한 말투는 참 좋은데, 그 말도 안 되는 단어들은 [MASK]의 비속어만큼이나 듣기 거북해."
서연	[MASK]는 불길이 자기에게 옮겨붙은 것처럼 가만히 앉아 있었어. 모자가 타서 연기가 되어 사라진 뒤에도 그녀의 뺨은 한참 동안 화끈거렸지. "나머지도 다 던져버리고 싶군." 교수는 속이 시원하다는 듯 중얼거리며 돌아왔어.
강 교수	"아이들 말입니다. 어린 친구들을 위한 학교를 열고 싶어요. 아주 화목하고 집 같은 학교요. 제가 아이들을 돌보고 [MASK]가 가르치는 거죠." "그거 정말 서연이다운 계획이네요! 딱 그 친구답지 않아요?"
서연	"세상에, 얼마나 끔찍했겠어! 그애를 연단으로 끌고 가서, 모두가 볼 수 있게 칠판을 들고 30분이나 서 있게 했다니." "[MASK]는 그 상황이 웃기지 않았어?" 사고 치는 걸 즐기는 친구가 물었지. "웃기긴커녕!"
서연	대장과 대원들은 금세 먹음직스러운 음식과 음료를 차리고 초록 잎사귀로 예쁘게 장식했어. [MASK]가 커피가 다 됐다고 알리자 모두들 즐겁게 식사를 시작했지. 젊을 땐 돌도 씹어 먹는다더니, 운동 후라 다들 식욕이 폭발했거든.
박 박사	"정말인가요?" "혈액의 붉은 색소를 투명하게 만들 수 있어요. 모든 기능은 그대로 유지한 채 말이죠!" [MASK]는 믿기지 않는다는 듯 비명을 질렀어. 투명인간은 자리에서 일어나 작은 서재를 서성이기 시작했지.
박 박사	"당신 계획이 뭔지는 모르겠지만, 전 정말 돕고 싶어요." 투명인간이 침대에 걸터앉았어. "위층에 아침 식사가 준비돼 있어요." [MASK]는 최대한 차분하게 말했고, 기괴한 손님이 순순히 일어나는 걸 보고 안도했지.
박 박사	"아래층에 먹을 게 좀 있는지 보고 올게요." [MASK]가 말했어. "아마 별건 없을 거예요." 투명인간은 엄청난 양의 식사를 마친 뒤, 시가를 하나 달라고 요구했지.
박 박사	"다 타버렸어! 내 모든 걸 걸었는데! 그곳은 거대한 불길에 휩싸였지." 투명인간이 말을 멈추고 생각에 잠겼어. [MASK]는 불안한 듯 창밖을 슥 쳐다봤지. "그래서요? 계속 말씀해보세요."
강 씨	"하지만 여전히 이해가 안 가네요... 가치 있는 보석을 망가뜨릴 수 있다는 건 알겠지만, 사람이 투명해진다는 건 차원이 다른 이야기 아닙니까?" "정확해요." [MASK]가 대답했어. "하지만 생각해보세요. 가시성이라는 건 빛의 작용에 달린 겁니다."
박 박사	"그가 공범이라는 걸 아무도 모를 겁니다." 투명인간이 열을 올리며 말했어. 그때 갑자기 그가 멈췄지. "조용히 해! 아래층에서 무슨 소리 안 들려?" "[MASK] 아무 소리도 안 나요." [MASK]는 갑자기 크고 빠른 목소리로 말을 돌렸어.
길동	"철수 형이 도박으로 딴 돈 중에 숙박비라도 좀 안 보태준대?" "응, 내가 500원만 빌려달라고 사정했는데도 절대 안 주더라." "요즘 500원으로 잘 데가 있긴 하니?" [MASK]가 물었어.
복남	긴 이야기를 짧게 하자면, 상황을 파악한 선장은 [MASK]의 고양이를 육지로 데려왔고, 고양이는 금세 쥐들을 소탕해버렸어. 쥐 떼를 박살 내는 고양이의 활약에 감탄한 임금님은 어떤 대가를 치러서라도 그 고양이를 사겠다고 결심했지.
지수	본업이 그리 바쁘진 않았지만, 한겨울에 휴가를 가겠다고 했다가는 집안 어른들에게 철없다는 소리를 들었을 거야. 그래서 그는 결혼 생활의 숙명이라 여기며 [MASK]가 떠나는 것을 묵묵히 받아들였지.
서연	그녀는 시골 생활의 소박한 편안함이 좋았어. 수다를 떨 때면 인도 위에서 [MASK]처럼 쭈그리고 앉아 길가에 침을 뱉는 농부들이나 퇴역 군인들, 그리고 해맑게 뛰어노는 아이들의 모습에서 아름다움을 발견하곤 했지.
은지	"아빠, 저 생각보다 힘세거든요." [MASK]가 말했어. "담장이 모자라면 일단 있는 돌로 쌓고, 나머지는 나무 막대기 같은 걸로 메우면 되잖아요. 그게 훨씬 쉬울 거예요."
만득	그녀는 [MASK]의 손을 꼭 잡았어. 그 손은 거친 일을 해온 사람의 손이었지만, 미세한 떨림까지 느껴질 만큼 예민한 손끝을 가지고 있었지. 그녀는 전보다 더 차갑고 단호한 목소리로 말을 이어갔어.
만득	기쁨은 최고의 명약이고, [MASK]의 황금 덩어리들은 그에게 그런 존재였어. 그는 아무 의심 없이 자리에서 일어나 화로 근처 바닥에 촛불을 내려놓았어. 모래를 쓸어내면서도 변한 게 없나 살피더니 벽돌을 하나하나 들어냈지.
준호	"그때나 지금이나 당신을 사랑해요. 꼭 말하고 싶었어요. 당신 집에서 [MASK]가 자기 약혼녀라며 당신을 처음 소개해준 그 순간부터, 전 당신에게 반했거든요."
미영	이 방 안에는 [MASK]의 온 마음과 보물이 가득했어. 그녀는 여기서 아이를 돌보고, 잔병치레 많은 어린 시절을 지극한 사랑으로 지켜냈지. 아이에게서 죽은 남편의 모습이 보였지만, 훨씬 더 나은 모습으로 하늘에서 다시 돌아온 것만 같았어.
대감	"자네들 둘 다 고전에 능통하다니, 기억력 테스트도 할 겸 재미있는 제안을 하나 하지. 여기 상금 백만 냥은 [MASK]의 시 중에서 가장 긴 구절을 외우는 사람에게 주겠네. 어떤가?"
마님	"절 부르셨나요, [MASK] 나으리?" 그녀가 냉랭하게 물었어. "추억에 젖어보자고 부른 건 아닐 텐데요." 그의 목소리는 차갑고 단호했어. 꼿꼿하게 선 채 굽히지 않는 그의 태도를 보니, 여인으로서의 예법 따위는 이미 안중에도 없는 듯했지.
조 판서	[MASK]는 반드시 그 비밀 결사대를 처단하겠다고 맹세했어. 지금까지 익명성 뒤에 숨어 대담하게 활동하던 주모자가, 이제 그의 손에 의해 가장 지독하고 집요한 숙적 앞에 그 정체를 드러내게 된 거지.
조 판서	[MASK]는 그녀 곁에 서서, 영리하면서도 차가운 노란 눈동자로 그녀의 얼굴을 뚫어지게 쳐다봤어. 부드러운 여름날 저녁노을 아래서 그녀는 너무나 순진하고 아이 같은 모습이었지. "정말 놀랍군, 낭자." 그가 조용히 담배를 한 모금 빨며 말했어.
조 판서	[MASK]는 조급함에 몸이 달아오른 것 같았어. 그는 아무도 믿지 않았지. 그 대담한 무리에게 당한 마지막 수법 때문에, 자신이 직접 감시하고 지휘해서 그 오만한 녀석을 잡지 않으면 실패할지도 모른다는 의심이 들었거든.
춘향	그는 남다른 안목을 가지고 있었는데, 그것은 남자가 여인을 고르거나 음식을 탐할 때 발휘되는 본능 같은 것이었지. 그 안목 덕분에 그는 [MASK]를 한 입의 맛있는 별미처럼 여겼고, 마치 미식가가 진귀한 요리를 탐하듯 그녀를 바라보았어.
강 장군	[MASK]에게도 도끼가 있었지만, 아무도 그걸 뺏으려 하지 않았어. 그는 도끼를 머리 위로 붕붕 휘두르며 전율 돋는 기합 소리를 내질렀지. 그 소리는 대리석 벽을 타고 울려 퍼지며 아주 위풍당당하게 적들을 압도했어.
저승사자	그래, 그 끝에는 결국 흙으로 돌아갈 권세뿐이지. 우리네 삶이 이토록 짧건만 세상 만물은 우리를 등지고 떠나가네. 모진 망상과 꿈속에서 깨어나지 못하다가, 아침이든 저녁이든 [MASK]의 발자국 소리가 우리를 덮칠 때까지 말이야.
영수	어린아이의 입술에서 나온 축복이었지만, [MASK]의 머리 위로 그런 진심 어린 기도가 내려진 건 난생처음이었어. 그 후로 겪게 될 온갖 투쟁과 고난, 풍파 속에서도 그는 그 순간을 단 한 번도 잊지 않았지.
영희	"잘 가요, [MASK]." 왕초가 전처럼 몸을 꽁꽁 싸매며 말했어. "잘 가." 두 사람의 눈이 마주쳤고, 왕초는 그녀를 샅샅이 살폈지. 하지만 소녀는 눈 하나 깜짝하지 않았어.
왕초	이 말에 그는 다시 문지방 위에서 뒹굴며 전보다 더 크게 웃어젖혔어. "뺀질이가 뭐라고 할까?" [MASK]가 친구의 숨이 가빠진 틈을 타서 질문을 던졌지.
왕초	"이봐 [MASK]," 간수가 불렀어. "접니다!" 죄수가 외치며 재판 때처럼 즉시 경청하는 자세를 취했지. "판사님, 전 노인입니다. 아주 늙고 힘없는 노인이라고요!"
영수	하지만 며칠 동안 [MASK]는 새 친구들의 호의를 전혀 느끼지 못했어. 해가 뜨고 지기를 수없이 반복했건만, 소년은 여전히 불안한 침대 위에 누워 마른 열병에 시달리며 조금씩 야위어갈 뿐이었지.
영희	하얀 앞치마를 두르고 머리망을 쓴 채 밀짚모자를 눌러쓴 [MASK] 양은—그 모든 차림새는 왕초의 무궁무진한 창고에서 나온 것이었지—심부름을 가기 위해 만반의 준비를 마쳤어.
영수	구경하던 이들은 경악했고 아이들은 공포에 질렸어. "뭐라고!" 마침내 원장님이 떨리는 목소리로 소리쳤지. "선생님, 죄송하지만 [MASK]... 조금만 더 주시면 안 될까요?"
칠성	"한 마디만 더 해봐, 내 손에 머리통이 박살 날 줄 알아. 그게 조용하고 확실하고 깔끔하지. 야, [MASK], 당장 덧문 열어. 이 녀석 이제 기운 차린 것 같으니까 시켜버려."
왕초	"억울한 표정 짓지 마, 한두 번 해본 것도 아니잖아. 딸랑이 좀 흔들어봐." 이건 종을 울리라는 뜻이었어. 그러자 [MASK]보다 젊지만, 겉모습은 그만큼이나 비열하고 혐오스러운 다른 남자가 나타나 대답했지.
영수	사람들의 시선을 돌리려 그가 [MASK]에게 고개를 돌렸어. "그래, 도망치고 싶었나 보지?" 그가 화로 구석에 있던 울퉁불퉁한 몽둥이를 집어 들며 말했어. "어디 한번 해보시지?"
그놈	"오늘 밤 '그놈'이 올까?" 그는 아까처럼 그 단어에 힘을 주어 물었어. "말씀하시는 분이 [MASK]입니까?" 집주인이 주저하며 묻자, 그가 조용히 하라며 고개를 끄덕였지. "그래."
영수	[MASK]는 시키는 대로 했어. 곧 누군가 그를 들어 올려 가마니 위에 부드럽게 눕히는 게 느껴졌고, 소년은 깊은 잠에 빠져들었지. 제9장. 친절한 노신사와 그의 촉망받는 제자들에 관한 상세한 기록.
영수	"버릇을 단단히 고쳐주마." 그가 몽둥이로 [MASK]의 어깨를 사정없이 내리쳤어. 다시 한번 휘두르려던 찰나, 한 소녀가 달려와 그의 손에서 몽둥이를 뺏어버렸지.
그놈	"누구 좋으라고 그런 짓을 했나?" 그가 비굴하게 물었어. "저를 위해서요." [MASK]가 대답했지. "하지만 전 아닙니다." 그가 고분고분하게 덧붙였어. "그 녀석은 나중에 쓸모가 있을지도 모르거든요."
영수	[MASK]도 그걸 아주 잘 알고 있었어. 하지만 겉으로 내색하는 건 위험하다고 생각했기에 그저 한숨을 내쉬며 구두를 계속 닦았지. "야!" 뺀질이가 소리쳤어. "너 기백이 그것밖에 안 돼?"
영수	[MASK]는 달구지 구석에 잔뜩 웅크리고 앉아 공포와 불안에 떨었어. 앙상한 나무들이 기괴하게 흔들리는 걸 보며 온갖 무서운 환상에 시달렸지. 마치 주변의 황량함이 즐겁다는 듯 나뭇가지들이 춤추는 것 같았어.
영수	"가루로 만들어 버려! 죽어서 관 속에 들어가 있어도 내 앞길을 막으러 일어날 놈이야!" "죄송해요." [MASK]가 그 남자의 광기 어린 눈빛에 겁을 먹고 더듬거리며 말했어. "제가 다치게 하려던 건 아니었어요!"
영수	[MASK]는 며칠째 그 방에 머물며 훔쳐온 손수건들의 표식을 지우는 일을 했어. 가끔은 다른 아이들과 함께 예의 그 기묘한 게임을 하기도 했지. 매일 아침 거행되는 그들만의 규칙 같은 거였어.
길동	풍뎅이가 뒤집어지지 못한 채 가련하게 다리를 버둥거리고 있었어. [MASK]는 그 풍뎅이를 갖고 싶어 안달이 났지만 손이 닿지 않았지. 설교에 집중하지 못하던 다른 사람들도 풍뎅이를 보며 지루함을 달래고 있었어.
길동	샘터에서의 지루한 기다림과 긴 잠이 상황을 바꿔놓았어. 아이들은 배고픔에 몸부림치며 잠에서 깼지. [MASK]는 지금쯤 수요일이나 목요일, 아니 토요일은 됐을 거라고 생각했어. 수색도 이미 포기했을 거라고 믿었지.
길동	아이들은 질투심에 휩싸였어. 특히 뒤늦게 후회하는 아이들이 더 괴로워했지. 담벼락 칠하기 권한을 얻으려고 자기가 가진 모든 걸 [MASK]에게 상납해, 결국 그의 위세를 높여준 꼴이 됐으니까.
길동	그는 촛불을 높이 들고 말했어. "모퉁이 너머를 최대한 멀리 봐봐. 저기 보여? 저기 큰 바위 위에 촛불 연기로 그려진 거." "[MASK]! 저건 십자가잖아!"
길동	"[MASK], 대체 왜 그러니?" "어머님, 저..." "무슨 일이야, 얘야? 어디가 아픈 거니?" "어머님, 제 발가락이 썩어 들어가나 봐요!"
길동	"해적보다 이게 훨씬 나은 것 같아." "그래, 집도 가깝고 서커스도 볼 수 있으니 여러모로 좋지." 준비가 끝나자 아이들은 굴 안으로 들어갔어. 맨 앞에는 [MASK]가 섰지.
길동	마침내 [MASK]는 조심스럽게 일어나 혼자 움직이기 시작했어. 하지만 첫발을 떼자마자 낡은 마룻바닥에서 기괴한 삐걱 소리가 났고, 그는 공포에 질려 주저앉고 말았어. 두 번 다시 시도하지 않았지.
길동	[MASK]가 말했어. "어머님, 제발 뽑지 마세요. 이제 하나도 안 아파요. 정말이에요. 제발요, 어머님. 학교 빠지고 싶어서 그런 거 아니에요."
길동	"이번 한 번만이라도 착한 아이가 되겠다고 약속하면, 약은 더 안 먹어도 된다." [MASK]는 누구보다 빨리 학교에 도착했어. 최근 들어 이런 기이한 일이 매일 일어나고 있다는 사실을 모두가 눈치챘지.
길동	그녀는 제발 좀 보여달라고 사정했어. [MASK]는 "별거 아니야"라고 말했지. "아니야, 별거 맞아." "아니라니까. 봐봤자 기분만 안 좋아질걸." "아니야, 정말 보고 싶어. 제발 보여줘."
길동	그녀는 입을 굳게 다물고 무거운 마음으로 자기 일을 하러 갔어. [MASK]는 구석에서 뾰로통한 얼굴로 자기 불행을 과시했지. 그는 아주머니가 속으로는 자신에게 미안해하고 있다는 걸 알고 은근히 즐기고 있었어.
길동	[MASK]는 어느새 다시 일상의 고민 속으로 빠져들었어. '지금 당장 흔적도 없이 사라져 버리면 어떨까? 저 먼 바다 건너 이름 모를 나라로 떠나서 영영 돌아오지 않는다면?'
길동	그는 궤짝을 열어 조각된 작은 보물함을 꺼냈어. 바닥과 옆면이 널빤지로 된 함 안에는 구슬 하나가 들어있었지. [MASK]는 입을 다물지 못했어! 그는 당황한 기색으로 머리를 긁적이며 말했지. "와, 이건 진짜 대박인데!"
길동	월요일 아침은 늘 괴로웠어. 학교라는 고문이 다시 시작되는 날이었으니까. 그는 차라리 주말이 없었으면 좋겠다고 생각했지. 다시 속박당하는 기분이 너무 싫었거든. [MASK]는 누워서 생각에 잠겼어.
길동	그래도 [MASK]는 다시 자유로운 몸이 됐어. 술도 마시고 욕도 할 수 있었지. 그런데 막상 할 수 있게 되자 별로 하고 싶지 않다는 사실에 스스로도 놀랐어. 금기가 풀리자 유혹도, 재미도 사라진 거야.
길동	하지만 피할 수 없는 사실이었어. 여기 수표들이 있고, 액면가 그대로의 가치가 있었지. 결국 [MASK]는 유지들과 함께 상석에 앉게 됐고, 본부에서는 이 엄청난 소식을 대대적으로 발표했어.
길동	"그 사람이 무언갈 볼 수 있었을까? 무언갈 알고 있었을까?" "야, [MASK], 정말 그렇겠다!" "게다가 봐봐, 어쩌면 그 한 방으로 그 사람 인생 끝났을지도 몰라!"
길동	"자, 다 됐어!" 그는 뚱한 표정으로 옷을 입기 시작했어. "누가 신경이나 쓴대?" [MASK]가 쏘아붙였지. "아무도 안 붙잡아. 집에 가서 실컷 비웃음이나 당해라, 해적 나으리."
길동	"[MASK], 저 고양이가 대체 왜 저런다니?" "저도 모르겠어요, 어머니." 소년이 숨을 헐떡이며 말했어. "와, 저런 모습은 난생처음 봐요. 왜 저러는 걸까요?"
길동	슬픔의 나날 동안 [MASK]는 기회를 엿보다가 감옥의 작은 창살 너머로 '살인범'에게 자기가 구할 수 있는 소소한 위문품들을 몰래 넣어주곤 했어.
길동	폭풍우는 목적을 달성하지 못한 채 잦아들었어. 소년의 첫 마음은 감사하며 새사람이 되는 것이었지만, 두 번째 마음은 일단 지켜보자는 거였지. 폭풍이 더는 안 올 수도 있으니까. 다음 날 의사들이 왔고, [MASK]는 다시 드러누웠어.
길동	[MASK]는 당황하며 머뭇거렸어. "얘야, 기죽지 말고 말해보렴. 진실은 언제나 당당한 법이란다. 거기 뭘 가지고 갔느냐?" "그냥... 죽은 고양이 한 마리요." 법정엔 웃음이 번졌고 판사는 장내를 정돈했지.
길동	"완전 막다른 골목에 다다랐구먼, 안 그래?" 대답은 없었어. [MASK]는 예술가 같은 눈으로 자기 솜씨를 살핀 뒤, 붓을 한 번 더 부드럽게 놀리고는 결과물을 흡족하게 바라보았어.
길동	"네가 좀 더 사람답게 굴었다면 나도 더 잘해줬을 거야." "나중에라도 생각해주면 좋겠어요." [MASK]가 뉘우치는 말투로 말했어. "그래도 어머니 꿈을 꿨어요. 그것만으로도 어디예요?"
길동	"하지만 걔들은 안 그래." "글쎄, [MASK], 본인들이 좋다는데 어쩌겠어. 하지만 난 이름만 있는 그런 왕 노릇은 하기 싫어. 그나저나 우리 어디부터 파볼까?"
길동	집에 돌아온 [MASK]는 언덕에서 일어난 사건을 전해 들었어. '누더기 사내'의 시신이 결국 나루터 근처 강가에서 발견됐다는 소식도 말이야. 아마 도망치려다 익사한 모양이었어.
길동	"어, 멈췄다! 조심해, 돌아보고 있어! 놓치지 마!" [MASK]의 머리 위 나뭇가지에 매달려 있던 사람들은 그가 도망치려는 게 아니라, 그저 당황해서 어쩔 줄 몰라 하는 것 같다고 말했어. "참 뻔뻔하기도 하지!"
길동	"와! ...아니야, [MASK], 그게 아니야. 만약 그렇다 해도 이 촌구석엔 그런 번지수 같은 건 없어. 여긴 숫자가 아예 없다고." "그러게. 잠깐만 생각 좀 해보자."
길동	지루한 날들이 흘렀고, 불안함의 무게도 조금씩 가벼워졌지. 제25장. 제대로 된 사내아이라면 누구나 한 번쯤 어딘가로 가서 숨겨진 보물을 찾고 싶다는 강렬한 열망에 사로잡힐 때가 온다. [MASK]에게도 어느 날 그런 열망이 찾아왔다.
길동	그들은 고생 끝에 터널 끝에 도착해 연을 묶었던 끈을 단단히 고정하고 나아갔어. 몇 걸음 옮기자 샘터가 나타났고, [MASK]는 온몸이 떨리는 소름을 느꼈지.
길동	그는 벽돌 가게 모퉁이로 몸을 날렸어. 다음 순간 두 남자가 그를 스쳐 지나갔는데, 한 명의 팔 아래에 무언가 들려 있는 것 같았지. 분명 그 궤짝이었어! 보물을 옮기려는 게 분명했지. 그런데 왜 지금 [MASK]를 부르는 거지?
길동	"싫어! 가고 싶은 사람은 다 가. 난 여기 남을 거야." "[MASK], 나 그냥 가는 게 좋겠어." "그래, 가버려. 누가 말린대?"
길동	"아니, 괜찮아요. 좀 있으면 나아질 거예요. 아무도 부르지 마세요." "하지만 불러야겠어! 그렇게 신음하지 마, [MASK]. 너무 안 좋아 보여. 언제부터 이랬어?" "몇 시간 전부터요."
지혜	"제가 어떻게 잊겠어요?" "그때의 당신처럼, 나의 누이여, 당신은 늘 내게 그런 존재였습니다. 항상 위를 가리키며 [MASK], 나를 더 나은 길로, 더 높은 곳으로 이끌어 주었지요."
지혜	그래요, 지혜! 낯선 이들과 함께 내 앞좌석에 앉아 있던 그녀의 모습. 그때보다 지금 그녀의 얼굴이 더 선명하게 떠오르네요. 나를 바라보던 그 지울 수 없는 후회와 경이로움이 서린 눈빛. "[MASK]!"
민석	"그래, 아니면 증오겠지." [MASK]가 웃으며 말했어. "어느 쪽이든 상관없어. 자! 내일 보는 거다!" 나는 내일 보겠다고 약속했고, 그는 코트를 입고 시가에 불을 붙인 뒤 집으로 향했어.
지혜	그녀의 얼굴에 다시 핏기가 돌았다가 가셨어. 고개를 숙인 그녀의 얼굴에 여전히 서글픈 미소가 남아있었지. "[MASK]야, 기다렸다가 아버님 뵙고 가지 않겠니? 오늘 우리랑 같이 시간 보내자."
박 씨	"여기 오기 전에는," [MASK]가 우리를 훔쳐보며 말했어. 마치 할 수만 있다면 우리가 속한 세상까지도 망가뜨릴 기세였지. "전엔 어리석은 짓을 많이 했지만, 이제는 제 잘못을 잘 알고 있습니다."
강철	"내가 자기 누이랑 결혼하기엔 너무 가난하다고 생각했겠지." [MASK]가 대답했어. "그녀를 데려간 걸 아주 억울해했어. 자존심에 상처를 입었으니 절대 용서하지 않겠지." "그건 잘못된 거예요! 나중에 꼭 따져줄게요."
연화	그녀는 이제 눈물에 젖은 채 가만히 누워 있었어. 육체적인 피로가 그녀의 기백을 완전히 꺾어버린 거지. 우리의 기세등등하던 [MASK]는 이제 울음 섞인 소리를 내는 어린아이와 다를 바 없었어. "내가 여기 갇힌 지 얼마나 됐지?" 그녀가 정신을 차리며 물었어.
소희	"아침마다 속이 메스꺼워요. 아빠는 제가 너무 빨리 자라서 그런 거래요." 만족스럽지 못한 표정으로 [MASK]가 앉자, 소년도 그녀 곁에 누웠어. "이게 네가 말한 파라다이스 같은 거니?" 그녀가 억지 웃음을 지으며 물었어.
강철	주인님의 놀라움은 나보다 더 컸지. 그는 자기가 '머슴애'라고 불렀던 이 청년에게 대체 뭐라고 말을 걸어야 할지 몰라 한참을 망설였어. [MASK]는 그의 가녀린 손을 놓고, 그가 입을 열 때까지 아주 차갑게 쳐다보며 서 있었어.
아주머니	"조금만 더 가면 안 될까요? 딱 500미터만요, [MASK]. 저 모퉁이에 있는 자작나무 숲까지만요, 제발요!" 나는 단호하게 거절했어. 마침내 그녀의 기다림이 끝났지. 멀리서 마차가 보이기 시작했거든.
강철	"하늘나라에 갔기를 바라야지. 우리 모두 정신 차리고 나쁜 짓 그만두고 착하게 살면 거기서 만날 수 있을 거야!" "그래서, 그 여자가 정말 정신을 차렸답니까?" [MASK]가 비아냥거리며 물었어.
연화	"그리고 [MASK]도 나만큼이나 마음이 깊어. 저 좁은 물통에 바다를 담을 수 없는 것처럼, 걔 마음을 그 남자가 독차지할 수는 없다고. 쯧! 그 남자 걔한테는 키우는 개나 말보다 조금 더 나은 정도일 뿐이야."
연화	"조용히 해, [MASK]! 내가 여기 있을게. 만약 그가 날 쏜다면, 난 축복의 말을 남기며 죽을 거야." 두 사람은 다시 굳게 약속했어. 주인님이 계단을 올라오는 소리가 들렸고, 내 이마엔 식은땀이 흘렀어. 정말 끔찍했지.
강철	"[MASK]가 달밤에 뒷산을 산책하거나 건초더미에서 삐쳐서 말도 안 한다고 크게 걱정할 건 없어. 분명 거기 어디 숨어있을 거야. 내가 쥐 잡듯 샅샅이 뒤져서 찾아낼 테니 두고 봐!"
아비	"일어나! 뭐 하고 있어?" 난 눈을 뜨고 주변을 살피며 내가 어디 있는지 알아내려 애썼어. 해는 이미 떴고 난 깊이 잠들어 있었지. [MASK]는 아주 기분이 안 좋은 얼굴로 나를 내려다보고 서 있었어.
돌쇠	집이 고작 열 채 남짓인데, 불이라도 안 켜져 있으면 우리가 지금 동네를 지나가는지 어떻게 알겠어? [MASK]는 두 큰 강이 만나는 지점이 보이면 알 수 있을 거라고 했지.
돌쇠	[MASK]는 투덜거리면서도 결국 내 말에 따랐어. 우린 최대한 말을 아끼고 아주 낮은 목소리로만 대화해야 했지. 번갯불 덕분에 적당한 때에 난파선을 다시 발견했고, 우린 오른쪽 지지대를 잡고 배를 단단히 묶었어.
구보	"내가 자네들보다 세상 물정은 좀 더 잘 아네. 혹시 나보다 더 많이 안다고 자부하는 이가 있다면 나와서 말해보게." 그는 말을 멈췄으나 아무도 나서지 않았다. "[MASK]는 오늘 왜 우리와 함께 있는가? 이곳은 그가 있을 자리가 아니네."
허생	그는 자리에서 일어나 초가집을 나섰다. [MASK]는 아내가 일러준 대로 행동했다. 또한 소매 속에 은전 몇 닢을 챙겼다. 내심 뉘우치는 마음이 있었으나, 그는 이웃들에게 자신의 실수를 구구절절 변명할 위인이 아니었다.
무룡	장단에 맞춰 흥겨운 농악 소리가 바람을 타고 들려왔다. [MASK]는 헛기침을 하며 가락에 맞춰 발을 놀렸다. 젊은 시절 상쇠로 이름을 날리던 때처럼 가슴 속에서 뜨거운 신명이 솟구쳤다.
응칠	[MASK]는 동생이 곡기를 끊었다는 말을 듣자, 몽둥이를 들고 방으로 들어왔다. 그는 벌벌 떨며 감자를 삼키는 동생 곁에 서슬 퍼렇게 버티고 섰다. 잠시 후 동생은 뒤뜰로 나가 고통스럽게 구토를 하기 시작했다.
만섭	선비가 선비 대접을 받던 옛 시절로 돌아간 듯했다. 외세의 문물을 받아들이기로 합의한 것은 아니었으나, 무언가 실질적인 조치를 취하기로 마을 사람들과 뜻을 모았다. [MASK]는 다시 거의 행복해졌다.
옹고집	"서로가 아니라고 우긴다면 그 집안의 가세가 기울게 두어라." 주안상을 다 비운 후, [MASK]는 방구석에 두었던 소주 항아리를 가져와 사람들 한가운데에 놓았다.
임꺽정	마을 어르신들이 원형으로 둘러앉았고, 광대들은 각 사람 앞에 설 때마다 찬사를 보냈다. 누군가는 위대한 농사꾼이었고, 누군가는 마을을 대변하는 달변가였다. 그러나 [MASK]는 이 고을에서 가장 힘이 세고 날랜 장사였다.
토끼	그들은 몸에 붉은 칠을 하고 거북의 등에 오를 준비를 마쳤다. [MASK]는 이 모든 준비 과정을 지켜보며 곧 그 속셈을 알아차렸다. 세상 돌아가는 일 중에 그의 귀를 피할 수 있는 것은 없었다. 그는 꾀가 아주 많았다.
심봉사	무지개는 하늘을 가로지르는 비단길이라 불렸다. [MASK]는 아내와 딸을 불러 큰 잔치를 준비하라고 일렀다. "떠나기 전에 마을 사람들에게 고마운 마음을 전해야겠다." 그가 말했다.
덕수	올해 사람들은 [MASK]가 범한 금기를 두고 수군거렸다. 마을의 평화를 깨뜨린 자가 나타난 것은 수십 년 만에 처음 있는 일이었다. 최고령 어르신들조차 아주 먼 옛날 한두 번 있었던 일로만 기억할 뿐이었다.
박태원	그는 원래 건물이 있던 자리를 가리켰다. 이제 그곳에는 커다란 전신주가 서 있었다. "그런데 여기가 어디오?" 전차 안에서 신문을 보던 [MASK]가 물었다.
철호	[MASK]는 삶의 속도를 가늠해보려 했지만, 눈앞의 현실은 칠흑 같은 어둠뿐이라 기댈 곳이 전혀 없었다. 움직임이 너무 미세해서 세상이 멈춰 있는 게 아닌가 싶을 정도였다.
영호	[MASK]는 자신이 방바닥에 몸을 웅크린 채 머리를 감싸고 누워 있었다는 사실을 깨닫고 당혹스러워했다. 그는 힘없이 웃어 보였다. "참으로 대단한 사람이야. 나한테 누이가 있었다면 저런 사람과는 절대 인연을 맺지 못하게 했을 텐데..."
학인	"세상에," [MASK]가 말했다. "이게 정말 신식 전차 내부라고?" 차장은 불쾌한 기색으로 고개를 돌렸다. 그는 사람이 꽉 찬 전차 안을 정리하고 나면 늘 묘하게 짜증이 났다.
영감	"인생이란," [MASK]가 울적하게 말했다. "증오하든 무시하든 상관없지만, 좋아할 수는 없지." 장마로 무너진 만수교 아래에는 복잡한 물길이 드러났고, 그곳은 떠내려온 잔해들로 막혀 있었다.
점순이	"너는 화가 났었지!" "그래, 조금만 더 늦었어도 상관없었을 거야. 정말 충격적인 실수였다고." "뭐?" [MASK]가 물었다. "닭들이 난리가 났어." "닭들이 난리가 났다고?"
기남	그 순간 [MASK]의 정신이 아득해졌다. 눈앞이 뒤집히고, 세상이 거꾸로 돌아가는 듯했다. 평생 일궈온 논밭이 사라졌고, 그는 자신의 그림자 속으로 빨려 들어가는 듯한 감각에 빠졌다.
홍도	'경성 유람기'라는 글자가 화면에 크게 나타났다. [MASK]는 책장 하단의 버튼을 눌렀고, 글자들이 물결치며 나타났다. 동시에 기계는 차분한 목소리로 내용을 읽어주기 시작했다.
춘향	"그럼 당장 나귀를 다시 세워라!" [MASK]가 고함을 질렀다. "예, 도련님." 하인이 대답했다. 채찍 소리와 함께 나귀는 매끄럽게 수평을 유지하며 다시 오리정 방향으로 나아갔다.
방자	또 다른 목소리가 끼어들었는데, 아마도 향단인 것 같았다. 그녀는 "[MASK]는 그냥 그런 녀석일 뿐이야, 알지?"라고 말했지만, 바람 소리에 묻혀 더 이상 말을 잇지 못했다.
성삼	순경이 다가와 거대한 팔로 그들의 포승줄을 잡아당겼다. "우리를 이렇게 끌고 갈 순 없어!" [MASK]가 소리쳤다. "우리는 그저 글을 쓰던 사람들뿐이라고!" "저항은 무의미하다!"
흥부	"아니, 우리는 또한... 음... 퇴로를 확보할 거야!" [MASK]가 갑작스러운 공포에 질려 말했다. "얘들아, 우리가 도망칠 구멍이 어디 있느냐?" "음, 미안하지만 없어요, 아버지." 장남이 답했다.
봉식	[MASK]는 그것이 매우 슬픈 일이라는 데 동의했다. 목이 메어 말을 할 수 없었기에 아주 작은 손짓으로만 답했다. 순사의 목소리에서 깊은 당혹감이 묻어났다. "글쎄, 그렇게 말하니 그런 것 같기도 하군..."
영채	기괴한 형체들이 주위를 에워싼 것 같았고, 공기는 정체 모를 퀴퀴한 냄새로 가득 찼다. 낮은 웅웅거림이 신경을 자극해 집중을 방해했다. "우리가 어떻게 여기까지 왔지?" 그녀가 떨며 물었다. "인력거를 탔지." [MASK]가 답했다.
길룡	"저항은 무의미하다!" "오, 제발 그만 좀 해." [MASK]가 말했다. 그는 고개를 돌려 자신을 붙잡은 자의 얼굴을 똑바로 쳐다보았다. 문득 한 가지 생각이 스쳤다. "당신은 정말 이런 짓을 즐기는 거요?"
덕기	자동차가 광화문 네거리를 향해 돌진했고, 갑자기 [MASK]는 근대화된 서울이 어떤 모습인지 어렴풋이 알 것 같은 기분이 들었다. 사실 그것은 신세계가 아니었다. 신세계 자체는 평평하고 흥미롭지 않았다.
계숙	"그러니까 당신 말은," 그녀가 말했다. "단지 그 재산을 가로채려고 집안의 가장이 되겠다고 나섰다는 거야?" "[MASK]가 바로 그거야."라고 말하며, 보통 사람이라면 감옥에 갇힐 만한 미소를 지어 보였다.
춘풍	"세상에! 아주 사방으로 얽혔군요!" "내 눈앞에 보이는 이것이 황금인가? 아니었지, 하지만 [MASK]에게 그게 아니라고 설득할 수는 없을 거야."
석기	정신적이든 그 외의 것이든, 특히 경제적인 면에서 말이야. 모든 게 소설 속 이야기 같아. [MASK]의 이야기처럼 말이지. 하지만 소설은 현실의 거친 확장에 불과하지 않나?
백범	무대는 태극기의 색깔인 빨강, 파랑, 흰색으로 칠해졌다. 무궁화 나무와 물레 모형이 있었고, 누군가 거대한 [MASK]의 초상을 밀고 들어왔다.
성모	나중에 기도할 것이다. "하나님께 광영을 돌립니다. 당신 외에 다른 신은 없습니다. 유혹하는 자 [MASK]로부터 보호를 구하며 나아갑니다."
대사	그는 누구인가? 갑자기 염불 소리가 멈췄다. 제자들은 사라졌고 노승은 팔을 넓게 벌리며 고함을 질렀다. "오 사악한 귀신아, 그 여자의 몸에서 떠나거라! [MASK]의 명령에 따라 떠나거라. 하늘이여! 물이여!"
길남	재판은 연일 신문에 대서특필되었다. 살인범 중 일부는 자백을 시작했다. 또 다른 한 명은 마부인 [MASK]를 죽였다. 다섯 번째 인물은 누군가 오는지 감시하기 위해 큰길가에 서 있었다.
춘호	[MASK]의 인사는 마치 땅속에서 들려오는 소리 같았다. 그는 입을 딱 벌린 채, 문가에 서서 의심스러운 눈초리로 가게 안을 두리번거리는 낯선 남자를 화난 듯 지켜보았다.
원효	어둠이 필요하다고 생각하는 사람들에게 원치 않는 진리를 가져다주는 자는 비웃음을 살 뿐이다. 그는 불행했던 시절 자신에게 큰 의미가 되었던 이야기, 즉 [MASK]의 동굴 비유라 부르는 것에 대해 이야기했다.
세종	젊은 관료는 생각에 잠겨 붓을 내려놓았다. "그 비유는 적절치 않군요. [MASK]은 처방만으로 당뇨를 다스리지만, 종기는 칼을 대야 합니다. 그건 어쩔 수 없는 일이죠."
인옥	인력거가 출발했다가 다시 멈추고, 순사가 나를 부축한다. "서둘러야 해." 그가 말한다. "이곳은 뒷문이야. 짐은 [MASK]에게 맡기도록 해."
초봉	이렇게 화려한 비단옷은 입어본 적이 없다. 오래된 공연복임이 틀림없다. 내가 입어본 것 중 가장 비슷한 건 [MASK]가 한때 사주었던 복숭아색 저고리뿐이었다.
장화	이 또한 결코 알 수 없을 것이다. 우리 화자가 무사히 성 밖으로 도달해 새로운 삶을 꾸렸을까? 아니면 다락방 은신처에서 발각되어 체포된 후 관가로 보내졌을까, 아니면 처형당했을까?
임이	"짐승 가죽으로 버선을 만들고 가장자리에 구멍을 뚫은 다음, 끈을 꿰어 말의 발목에 묶어줄 거야. 이 가죽이 우리 발을 얼음에 베이지 않게 지켜준다면 말들의 발도 보호해줄 수 있을 거야." [MASK]가 설명했다.
백구	"많은 개가 집을 지키지만, 어떤 개들은 집을 떠나 길을 찾을 때까지 외톨이가 되기도 해. 그러다 새로운 무리가 생기는 거지. [MASK]은 아직 어려서 거의 강아지나 다름없어. 덩치가 커서 나이가 들어 보일 뿐이지."
바리	길은 산 아래로 이어졌고 [MASK]는 그 길을 잠시 따라가 보기로 했다. 걷다 보니 이 지역은 자신이 살던 마을 주변과 너무나 비슷해서, 전에도 와본 적이 있는 것 같은 묘한 기분에 사로잡혔다.
무녀	마침내 박수무당이 입을 열었다. "왜 우리가 당신을 믿어야 하지? 당신이 우리를 속이려는 게 아니라는 걸 어떻게 알지? 그녀가 명문가 자손이라 하지만 증표가 어디 있나?" [MASK]가 나서서 말했다.
순이	[MASK]는 그녀가 골목을 도는 것을 보았다. 그는 움직이기 전에 사방을 살폈는데, 이는 조만간 버릴 수 있기를 바라는 습관이었다. 그는 그녀를 만나기 위해 빠르게 움직였다. 거리는 조용했다.
만수	"그럼 당신 생각은 뭐야?" [MASK]는 머리를 쓸어 넘기고 무릎의 통증이 가라앉을 때까지 다리를 꾹 눌렀다가 마루에 누웠다. "이 모든 일의 배후에 있는 자는 그 물건을 정말 간절히 되찾고 싶어 했어."
기수	경찰서에서 [MASK]는 성명과 본적, 나이와 직업을 말했다. 그리고 처음으로 자신이 연루되지 않았음을 밝히며, 다른 동료 중 한 명에게 증언해달라고 요청했다. 동료들은 절망적인 기분으로 그렇게 해주었다.
심청	"그건 내 잘못이 아니에요." 그녀가 말했다. "아버지가 앞을 못 보시고, 늘 고생만 하셨으며, 앞으로도 변하기 어렵다는 사실 말이에요. 하나님께 맹세컨대 당신은 [MASK]의 인내심도 시험에 들게 할 거예요."
선달	그가 당시에 장사꾼이었다는 사실은 전혀 놀랍지 않았다. 그가 그 외의 다른 모습이었던 적이 있다는 것 자체가 상상하기 힘들었기 때문이다. 하지만 그 먼 옛날에 인연이 있었다는 사실은 [MASK]를 묘하게 불쾌한 경이로움으로 가득 채웠다.
무심	그는 떨며 자리에서 일어나 다시 몸을 씻었다. 그것은 경고였고 그는 그 사실을 알았다. 그의 눈앞에는 [MASK]가 파놓은 깊고 고요한 함정이 그를 기다리고 있는 듯 보였다.
옥분	나는 아무 말도 하지 않았다. "네가 정말 이 아이를 원하는 거냐?" 아버지가 내게 물었다. "네," 내가 대답했다. "그리고 [MASK]도 원해요! 우리 아기라고요!" 내가 말했다.
노아	"마지막 분기인데 어떻게 힘을 합쳐서 우리 이름으로 새 시대를 선포할 거야? 저 방사능 변종들로부터 어떻게 이 행성을 구할 거냐고. [MASK]가 왜 방주에 저놈들을 태우지 않으려 했는지 알만하군."
나폴레옹	"눈과 코, 심장에 좋습니다. 몸은 균형을 위해 과도한 염분을 배출해야 하죠. 소금이 너무 적으면 상처가 아물지 않아요. [MASK]의 군대를 기억합니까? 그 군인들은 몸에 소금이 부족해서 가벼운 찰과상에도 죽어나갔습니다."
시리우스	"내가 '개'가 아니라는 걸 배우기 전이라 캔버스에 개 머리를 붉은 물감으로 그렸어요. 아버지는 내가 태어날 때 하늘에 [MASK]이 떠 있었기 때문에 내가 개자리 성격으로 태어났다고 하셨죠."
프레디	"그는 잠시 나를 뚫어지게 쳐다봤습니다. '자, [MASK], 왜 그녀를 죽였는지 말해봐'라고 하더군요. 나도 그를 마주 봤습니다. '프레디'라니! 그 경박하고 친근한 말투가 불쾌했지만 그냥 넘어가기로 했죠."
이몽룡	"나는 마치 마법 주문에 걸린 것처럼 움직였습니다. 어떻게 된 일인지 모르겠지만, 한두 시간 동안 [MASK]의 마부 노릇을 하며 나 자신과 며칠 동안 나를 쫓던 공포로부터 해방될 수 있었죠."
성춘향	"그는 붉은 [MASK]를 마시고 있었습니다. 그녀는 웨이트리스에게 음료를 주문하고 입을 열었죠. '저기요, 아빠, 잠깐이라도 단둘이 있게 돼서 다행이에요. 아빠 만나는 건 번개 잡는 것만큼이나 힘드네요.'"
로미오	"그리고 그는 그것을 예측할 수 있는 감각이 있었습니다. 그녀의 삶에서 갑작스럽게 떠난 그의 행동은 발코니 창가에서 [MASK]가 보여준 낭만적인 전통을 따른 것이었죠. 그의 선택도 똑같았습니다. '가서 살거나, 남아서 죽거나!'"
코치	"내가 어디를 가든 당신 시선이 느껴졌어요. 당신이 벤치에 내 옆에 앉으러 왔을 때 [MASK]가 얼마나 화냈는지 말했던가요? 그는 최고 선수가 경기 중에 아내와 손을 잡는 게 나쁜 선례를 남긴다고 생각해요."
하늘	"세상에, [MASK]이시여.' 37번 보트에 탄 승객은 자리에 앉아주세요! 원심 회전과 자유 낙하가 반복된 하루를 보내고 나니, 내가 사랑 때문에 어지러운 건지 멀미 때문에 어지러운 건지 알 수 없었습니다."
고도	"우리는 버스 정류장에 앉아 과자를 먹으며 도시판 'Waiting for [MASK]'를 재연했습니다. '호박씨 정말 괜찮아?' '그건 네가 당근을 키우고 싶은지에 달렸지.'"
샘	"그다음, '[MASK], 왜 그가 안 오지? 벌써 9시야.' '배고프겠구나.' '배고픈 게 문제가 아냐. 근데 왜 안 오냐고?' '무슨 일에 묶였거나 중요한 걸 알아냈나 보지.'"
샘	"그가 어제 이미 호텔 체크아웃을 했다면서요.' '자, 잠깐만요 보안관님,' [MASK]가 말했습니다. '너무 성급하게 결론을 내리시네요. 방금 베이츠라는 사람이 전화로 한 말 말고는 근거가 없잖아요.'"
햄릿	"예를 들어 [MASK]의 아버지의 유령이 있었죠. 지금은 그걸 생각할 시간이 없어요. 모텔로 내려가서 문을 열어야 해요. 이번 주에는 손님이 좀 있었지만, 아주 많지는 않았거든요."
조세희	"그와 내부의 흰 석고 벽은 거의 비슷했습니다. 그의 입술과 뺨에는 흰 기운이 돌았고 머리카락은 하얗게 셌으며, 희미한 푸른빛이 도는 눈은 흐릿해져 있었습니다. 그러다 그의 눈길이 [MASK]의 팔 아래에 있는 책에 닿았습니다."
기남	"잘 가요." "잘 가요... 하나 둘 셋 넷 다섯 여섯 일곱 날: 소방서. '[MASK], 자네는 새가 나무에 오르듯 그 기둥을 잘 타는군.' 셋째 날."
만섭	"다른 소방대원들이 어둠 속에서 타오르는 토대 불빛에 얼굴을 비추며 그 뒤에서 기다리고 있었습니다. [MASK]가 두 번이나 입을 떼려다 마침내 생각을 정리해 말했습니다. '내 아내가 신고를 한 건가요?'"
이문열	"확실히 사라진 건 지난 10년 혹은 12년 동안 내가 태운 책들뿐이었습니다. 그래서 책이 도움이 될지도 모른다고 생각했죠.' '[MASK] 씨는 구제불능의 로맨티스트군요.'라고 그가 말했습니다. '심각한 상황만 아니면 우스운 일이었을 텐데요.'"
기남	"두 시간 전에 갔어야 했어요. 방금 알아챘습니다.' '죽은 건 그 여인만이 아니에요.'라고 [MASK]가 말했습니다. '어젯밤에 지난 10년 동안 내가 쓴 그 많은 등유에 대해 생각했습니다. 그리고 책에 대해서도요.'"
영자	"그는 책들을 뒷마당으로 가져가 골목 울타리 근처 덤불 속에 숨겼습니다. 오늘 밤만이야, 그녀가 또 태우려고 할지도 모르니까, 그는 생각했습니다. 그는 집으로 다시 들어갔습니다. '[MASK]?'"
기남	"어떻게 생각해요, [MASK]?' '내 방식대로 소방대원들의 집에 책을 심고 신고를 하려 했던 게 눈이 멀었던 짓 같아요.' '당신은 해야 할 일을 했을 뿐이에요. 국가적인 규모로 실행되었다면 아주 멋지게 성공했을 겁니다.'"
기남	"그게 듣고 있어요! 이걸 귀에 꽂으면, [MASK], 나는 위험 없이 집에 편안히 앉아 겁에 질린 뼈를 녹이며 소방대원들의 세상을 듣고 분석해서 약점을 찾아낼 수 있어요. 나는 벌집 안에서 안전한 여왕벌인 셈이죠."
기남	"아니요.' [MASK]는 수백만 권의 금서 목록이 타자로 쳐진 벽 너머를 응시했습니다. 그 이름들이 불길 속에서 튀어 올랐고, 물 대신 등유를 뿜어내는 그의 도끼와 호스 아래에서 수년 동안 타올랐습니다. '아니요.'"
김승옥	"글쎄요, 청중을 모으는 한 가지 방법이긴 하군요. 총을 겨누고 당신의 연설을 듣게 강요하는 것 말이죠. 연설해 보시죠. 이번에는 또 무엇입니까? 왜 나한테 [MASK] 같은 소리를 내뱉지 않는 거죠, 서투른 속물 양반?"
영자	"그는 전자 태양이 켜지면 생명력으로 가득 찰지도 모르는, 바닷물처럼 죽어 있고 회색빛인 거실을 쳐다보았습니다. '자,' [MASK]가 말했습니다. '나의 가족은 사람들이에요. 그들은 나에게 이야기를 해주고, 내가 웃으면 그들도 웃죠!'"
백두	"내일. 혹은 모레쯤. 아니면 다음 주 초.' [MASK]가 파이프 담배를 피우며 말했습니다. '모든 소방대원은 조만간 이 일에 부딪히게 마련입니다. 그들에겐 그저 이해가 필요할 뿐이에요. 어떻게 돌아가는지, 우리 직업의 역사를 알아야 하는 거죠.'"
기남	"그리고 그 작은 화면에는 불타버린 집과 군중, 그리고 시트가 덮인 무언가가 있었고, 하늘에서 펄럭거리며 괴상한 꽃 같은 헬리콥터가 내려왔습니다. 그들은 끝까지 게임을 즐겨야만 하는 모양이군, [MASK]는 생각했습니다."
윤동주	"한 남자가 [MASK]의 조각상이 있는 기단에 머리를 기대고 있었고, 그의 얼굴은 그 위의 조각된 표정과 똑같이 일그러져 있었습니다. 아무도 온전한 장비를 갖추고 강을 건너온 것 같지 않았습니다."
영숙	"[MASK]는 단 한 번도 밑단을 고르게 박지 못했습니다. 그녀의 마음은 항상 최신 이야기의 줄거리를 구상하느라 딴 데 가 있었고, 그래서 그녀가 만든 시트와 손수건 가장자리는 항상 구불구불한 물결무늬가 생겼습니다. 나는 종종 그녀의 화려한 바느질 솜씨를 놀리곤 했습니다."
선영	"조심스럽게 머리카락 한 줌을 꺼내 촛불 주위에 놓았습니다. 분홍색 리본으로 묶인 윤기 나는 노란색 컬 하나: 나의 작은 [MASK]의 자랑이었죠. 평온한 둘째의 쥐색 머리카락 한 가닥도요."
천궁	"그리고 그때 방어선이 무너졌습니다. 한꺼번에 기억나지는 않아요. 섬광처럼 지나갑니다: 도망치는 사람들, 신음 소리, 기자들. 한 뉴스 기자가 기억납니다. 4. JSF: 통합 전투기. 5. [MASK]: 통합 원거리 무기."
장갑차	"전차용 참호를 파려고 했다는 거 알아? 공병들이 주차장에서 폭파해서 만들었지. 전차가 있었어? 친구, 우린 없는 게 없었어: 전차, [MASK], 50구경부터 신형 박격포까지 무장한 험비들까지 말이야."
박수근	" '당신은 기인 클럽 회원입니까?' '아니오, 아니오; 나는 유부남 클럽 회원입니다.' '당신은 석공입니까?' '아니오, 직업은 목수입니다.' '당신은 [MASK]의 자손입니까?' "
허준	"하지만 당신이 그걸 카두세우스라고 부른 건 흔한 실수입니다. 카두세우스는 지팡이에 두 마리의 뱀이 있고 꼭대기에 날개가 있죠. 당신의 부적에는 뱀 한 마리뿐이고 날개도 없습니다. 당신의 상징은—' '[MASK]의 지팡이군요.'"
메두사	"마침내 그는 저수조 오른쪽 벽 아래의 작은 전망대 근처 막다른 길에 다다랐습니다. 그곳에 믿을 수 없는 광경이 펼쳐져 있었습니다. 물 위로 거대한 대리석 조각상이 솟아 있었습니다—뱀들이 머리카락처럼 꿈틀거리는 [MASK]의 머리였죠."
강 교수	"화면의 타임스탬프는 영상이 어제 오전, 정확히 24시간 전으로 맞춰져 있음을 나타냈습니다—박물관이 문을 열기 직전이자 [MASK]와 신비로운 일 두오미노가 그날 저녁 도착하기 훨씬 전의 일이었습니다."
강 교수	"그의 파트너는 마지못해 고개를 끄덕였습니다. '해.' [MASK]는 숙련된 손가락 끝이 목의 동맥과 정맥을 능숙하게 더듬는 것을 느꼈습니다. 그런 다음 경동맥의 정확한 지점을 찾은 손가락들이 단호하고 집중적인 압박을 가하기 시작했습니다."
시몬	"[MASK]는 기진맥진해서 현관으로 비틀거리며 들어왔습니다. 타일 바닥에 무릎을 꿇으며 그는 도움을 청했습니다. 안내 데스크의 모든 이들은 피 흘리는 사제를 부축한 채 거의 벌거벗은 알비노의 모습에 경악하며 쳐다보았습니다."
소희	" 'RS라는 글자가... 당신에게 다른 의미가 있나요? 조금이라도요?' 목소리가 복도에 울릴까 봐 두려워진 [MASK]는 그를 국무회의실 안으로 끌어당기고 거대한 쌍둥이 문을 조용히 닫아 내부를 봉쇄했습니다."
강 교수	"그게 그가 보안 시스템을 가동한 방법이었습니다.' [MASK]는 무슨 일이 일어났는지 상상하며 다시 문을 돌아보았습니다. '관장은 집무실에서 습격을 당해 갤러리로 도망쳤고, 벽에 걸린 저 그림을 잡아당겨 보안문을 작동시킨 겁니다.'"
강 교수	"두 개의 크립텍스. 모든 게 쌍을 이룹니다. 이중적 의미. 남성 여성. 흰색 안에 둥지를 튼 검은색. [MASK]는 상징의 거미줄이 계속 뻗어 나가는 것을 느꼈습니다. 흰색은 검은색을 낳습니다. 모든 남자는 여자로부터 태어났습니다. 흰색은 여성. 검은색은 남성."
나폴레옹	"두 문화가 충돌할 때 패배자는 말소되고 승리자가 역사책을 씁니다—자신의 대의를 미화하고 정복당한 적을 비하하는 책 말이죠. [MASK]가 말했듯이, '역사란 합의된 우화가 아니고 무엇이겠습니까?' 그는 미소 지었습니다."
강 교수	"[MASK]는 뒤돌아섰습니다. '왜 그렇게 가정하시죠?' '왜냐하면 교수님이 이곳으로 오게 된 것이니까요. 당신은 선택받았습니다. 이 명문은 일종의 암호로 보이고, 교수님의 명성을 고려할 때 당신이 이것을 해독하도록 이끄려 했다는 게 분명해 보입니다.'"
강 교수	" '총장님,' [MASK]가 즉시 대답했습니다. '이 작은 피라미드는 프리메이슨의 피라미드가 아닙니다.' '그럼 우리가 국회의사당 중심부 비밀의 방에서 피라미드를 발견한 게 단지 우연이라는 말입니까?' "
강 교수	"그들 앞의 커피 탁자 위에는 [MASK]의 가죽 가방이 여전히 열려 있었고, 황금색 캡스톤이 위로 살짝 보였습니다. 에이트 프랭클린 스퀘어라는 글자는 이제 사라져서, 한때 존재했다는 어떤 증거도 남기지 않았습니다."
강 교수	"훌륭했습니다. [MASK]는 피라미드의 조각들을 다시 합쳤을 뿐만 아니라 바닥에 새겨진 신비로운 상징 그리드를 푸는 방법까지 알아냈습니다. 언뜻 보기에 상징들은 해독 불가능해 보였지만... 답은 간단했습니다..."
강 교수	" '당신이 이 조각이 무엇을 드러낸다고 믿든,' [MASK]가 말했습니다. '그것은 고대의 신비가 아닐 겁니다.' '물론 아니겠죠.'라고 그가 대답했습니다. '신비는 이 작은 돌 피라미드 옆면에 기록하기엔 너무나 방대하니까요.'"
강 교수	"나는 이게 지도인 줄 알았습니다.' [MASK] 역시 당혹스러운 표정이었고, 눈 속의 흥분은 사라져 가고 있었습니다. '이 해독은 분명 맞지만... '내 형제를 데리고 있는 자가 위치를 알고 싶어 합니다.' 그녀는 머리카락을 귀 뒤로 넘겼습니다."
옥분	"아마도 인간이 부서지기 전까지 얼마나 몰아붙여야 하는지 보고 싶었기 때문일 것입니다. 어쩌면 각 개인이 어떻게 무너지는지 보고 싶었을지도 모르죠. 혹은 그들의 고집이 인간의 관점에서 너무나 극단적이어서 시험해 보려는 인간이 거의 없었을 수도 있습니다. [MASK]는 그러지 않았습니다."
옥분	"[MASK]는 적어도 40명을 선택하고 깨워야 했습니다. 적어도 40명의 인간이 준비될 때까지 그녀나 그녀가 깨운 사람들을 내보내기 위해 문은 열리지 않을 것입니다. 큰 방이 약간 어두워지고 있었습니다. 저녁이었습니다."
찍찍이	"재킷은 닫으면 저절로 달라붙어 닫혀 있었지만, 앞면의 두 판을 잡아당기면 쉽게 열렸습니다. 떨어지는 방식이 [MASK]를 떠올리게 했지만, 눈에 보이는 건 없었습니다. 바지도 똑같은 방식으로 닫혔습니다."
구보	"내가 자네들보다 세상 물정은 좀 더 잘 아네. 혹시 나보다 더 많이 안다고 자부하는 이가 있다면 나와서 말해보게." 그는 말을 멈췄으나 아무도 나서지 않았다. "[MASK]는 오늘 왜 우리와 함께 있는가? 이곳은 그가 있을 자리가 아니네."
허생	그는 자리에서 일어나 초가집을 나섰다. [MASK]는 아내가 일러준 대로 행동했다. 또한 소매 속에 은전 몇 닢을 챙겼다. 내심 뉘우치는 마음이 있었으나, 그는 이웃들에게 자신의 실수를 구구절절 변명할 위인이 아니었다.
무룡	장단에 맞춰 흥겨운 농악 소리가 바람을 타고 들려왔다. [MASK]는 헛기침을 하며 가락에 맞춰 발을 놀렸다. 젊은 시절 상쇠로 이름을 날리던 때처럼 가슴 속에서 뜨거운 신명이 솟구쳤다.
응칠	[MASK]는 동생이 곡기를 끊었다는 말을 듣자, 몽둥이를 들고 방으로 들어왔다. 그는 벌벌 떨며 감자를 삼키는 동생 곁에 서슬 퍼렇게 버티고 섰다. 잠시 후 동생은 뒤뜰로 나가 고통스럽게 구토를 하기 시작했다.
만섭	선비가 선비 대접을 받던 옛 시절로 돌아간 듯했다. 외세의 문물을 받아들이기로 합의한 것은 아니었으나, 무언가 실질적인 조치를 취하기로 마을 사람들과 뜻을 모았다. [MASK]는 다시 거의 행복해졌다.
옹고집	"서로가 아니라고 우긴다면 그 집안의 가세가 기울게 두어라." 주안상을 다 비운 후, [MASK]는 방구석에 두었던 소주 항아리를 가져와 사람들 한가운데에 놓았다.
임꺽정	마을 어르신들이 원형으로 둘러앉았고, 광대들은 각 사람 앞에 설 때마다 찬사를 보냈다. 누군가는 위대한 농사꾼이었고, 누군가는 마을을 대변하는 달변가였다. 그러나 [MASK]는 이 고을에서 가장 힘이 세고 날랜 장사였다.
토끼	그들은 몸에 붉은 칠을 하고 거북의 등에 오를 준비를 마쳤다. [MASK]는 이 모든 준비 과정을 지켜보며 곧 그 속셈을 알아차렸다. 세상 돌아가는 일 중에 그의 귀를 피할 수 있는 것은 없었다. 그는 꾀가 아주 많았다.
심봉사	무지개는 하늘을 가로지르는 비단길이라 불렸다. [MASK]는 아내와 딸을 불러 큰 잔치를 준비하라고 일렀다. "떠나기 전에 마을 사람들에게 고마운 마음을 전해야겠다." 그가 말했다.
덕수	올해 사람들은 [MASK]가 범한 금기를 두고 수군거렸다. 마을의 평화를 깨뜨린 자가 나타난 것은 수십 년 만에 처음 있는 일이었다. 최고령 어르신들조차 아주 먼 옛날 한두 번 있었던 일로만 기억할 뿐이었다.
박태원	그는 원래 건물이 있던 자리를 가리켰다. 이제 그곳에는 커다란 전신주가 서 있었다. "그런데 여기가 어디오?" 전차 안에서 신문을 보던 [MASK]가 물었다.
철호	[MASK]는 삶의 속도를 가늠해보려 했지만, 눈앞의 현실은 칠흑 같은 어둠뿐이라 기댈 곳이 전혀 없었다. 움직임이 너무 미세해서 세상이 멈춰 있는 게 아닌가 싶을 정도였다.
영호	[MASK]는 자신이 방바닥에 몸을 웅크린 채 머리를 감싸고 누워 있었다는 사실을 깨닫고 당혹스러워했다. 그는 힘없이 웃어 보였다. "참으로 대단한 사람이야. 나한테 누이가 있었다면 저런 사람과는 절대 인연을 맺지 못하게 했을 텐데..."
학인	"세상에," [MASK]가 말했다. "이게 정말 신식 전차 내부라고?" 차장은 불쾌한 기색으로 고개를 돌렸다. 그는 사람이 꽉 찬 전차 안을 정리하고 나면 늘 묘하게 짜증이 났다.
영감	"인생이란," [MASK]가 울적하게 말했다. "증오하든 무시하든 상관없지만, 좋아할 수는 없지." 장마로 무너진 만수교 아래에는 복잡한 물길이 드러났고, 그곳은 떠내려온 잔해들로 막혀 있었다.
점순이	"너는 화가 났었지!" "그래, 조금만 더 늦었어도 상관없었을 거야. 정말 충격적인 실수였다고." "뭐?" [MASK]가 물었다. "닭들이 난리가 났어." "닭들이 난리가 났다고?"
기남	그 순간 [MASK]의 정신이 아득해졌다. 눈앞이 뒤집히고, 세상이 거꾸로 돌아가는 듯했다. 평생 일궈온 논밭이 사라졌고, 그는 자신의 그림자 속으로 빨려 들어가는 듯한 감각에 빠졌다.
홍도	'경성 유람기'라는 글자가 화면에 크게 나타났다. [MASK]는 책장 하단의 버튼을 눌렀고, 글자들이 물결치며 나타났다. 동시에 기계는 차분한 목소리로 내용을 읽어주기 시작했다.
춘향	"그럼 당장 나귀를 다시 세워라!" [MASK]가 고함을 질렀다. "예, 도련님." 하인이 대답했다. 채찍 소리와 함께 나귀는 매끄럽게 수평을 유지하며 다시 오리정 방향으로 나아갔다.
방자	또 다른 목소리가 끼어들었는데, 아마도 향단인 것 같았다. 그녀는 "[MASK]는 그냥 그런 녀석일 뿐이야, 알지?"라고 말했지만, 바람 소리에 묻혀 더 이상 말을 잇지 못했다.
성삼	순경이 다가와 거대한 팔로 그들의 포승줄을 잡아당겼다. "우리를 이렇게 끌고 갈 순 없어!" [MASK]가 소리쳤다. "우리는 그저 글을 쓰던 사람들뿐이라고!" "저항은 무의미하다!"
흥부	"아니, 우리는 또한... 음... 퇴로를 확보할 거야!" [MASK]가 갑작스러운 공포에 질려 말했다. "얘들아, 우리가 도망칠 구멍이 어디 있느냐?" "음, 미안하지만 없어요, 아버지." 장남이 답했다.
봉식	[MASK]는 그것이 매우 슬픈 일이라는 데 동의했다. 목이 메어 말을 할 수 없었기에 아주 작은 손짓으로만 답했다. 순사의 목소리에서 깊은 당혹감이 묻어났다. "글쎄, 그렇게 말하니 그런 것 같기도 하군..."
영채	기괴한 형체들이 주위를 에워싼 것 같았고, 공기는 정체 모를 퀴퀴한 냄새로 가득 찼다. 낮은 웅웅거림이 신경을 자극해 집중을 방해했다. "우리가 어떻게 여기까지 왔지?" 그녀가 떨며 물었다. "인력거를 탔지." [MASK]가 답했다.
길룡	"저항은 무의미하다!" "오, 제발 그만 좀 해." [MASK]가 말했다. 그는 고개를 돌려 자신을 붙잡은 자의 얼굴을 똑바로 쳐다보았다. 문득 한 가지 생각이 스쳤다. "당신은 정말 이런 짓을 즐기는 거요?"
덕기	자동차가 광화문 네거리를 향해 돌진했고, 갑자기 [MASK]는 근대화된 서울이 어떤 모습인지 어렴풋이 알 것 같은 기분이 들었다. 사실 그것은 신세계가 아니었다. 신세계 자체는 평평하고 흥미롭지 않았다.
계숙	"그러니까 당신 말은," 그녀가 말했다. "단지 그 재산을 가로채려고 집안의 가장이 되겠다고 나섰다는 거야?" "[MASK]가 바로 그거야."라고 말하며, 보통 사람이라면 감옥에 갇힐 만한 미소를 지어 보였다.
춘풍	"세상에! 아주 사방으로 얽혔군요!" "내 눈앞에 보이는 이것이 황금인가? 아니었지, 하지만 [MASK]에게 그게 아니라고 설득할 수는 없을 거야."
석기	정신적이든 그 외의 것이든, 특히 경제적인 면에서 말이야. 모든 게 소설 속 이야기 같아. [MASK]의 이야기처럼 말이지. 하지만 소설은 현실의 거친 확장에 불과하지 않나?
백범	무대는 태극기의 색깔인 빨강, 파랑, 흰색으로 칠해졌다. 무궁화 나무와 물레 모형이 있었고, 누군가 거대한 [MASK]의 초상을 밀고 들어왔다.
성모	나중에 기도할 것이다. "하나님께 광영을 돌립니다. 당신 외에 다른 신은 없습니다. 유혹하는 자 [MASK]로부터 보호를 구하며 나아갑니다."
대사	그는 누구인가? 갑자기 염불 소리가 멈췄다. 제자들은 사라졌고 노승은 팔을 넓게 벌리며 고함을 질렀다. "오 사악한 귀신아, 그 여자의 몸에서 떠나거라! [MASK]의 명령에 따라 떠나거라. 하늘이여! 물이여!"
길남	재판은 연일 신문에 대서특필되었다. 살인범 중 일부는 자백을 시작했다. 또 다른 한 명은 마부인 [MASK]를 죽였다. 다섯 번째 인물은 누군가 오는지 감시하기 위해 큰길가에 서 있었다.
춘호	[MASK]의 인사는 마치 땅속에서 들려오는 소리 같았다. 그는 입을 딱 벌린 채, 문가에 서서 의심스러운 눈초리로 가게 안을 두리번거리는 낯선 남자를 화난 듯 지켜보았다.
원효	어둠이 필요하다고 생각하는 사람들에게 원치 않는 진리를 가져다주는 자는 비웃음을 살 뿐이다. 그는 불행했던 시절 자신에게 큰 의미가 되었던 이야기, 즉 [MASK]의 동굴 비유라 부르는 것에 대해 이야기했다.
세종	젊은 관료는 생각에 잠겨 붓을 내려놓았다. "그 비유는 적절치 않군요. [MASK]은 처방만으로 당뇨를 다스리지만, 종기는 칼을 대야 합니다. 그건 어쩔 수 없는 일이죠."
인옥	인력거가 출발했다가 다시 멈추고, 순사가 나를 부축한다. "서둘러야 해." 그가 말한다. "이곳은 뒷문이야. 짐은 [MASK]에게 맡기도록 해."
초봉	이렇게 화려한 비단옷은 입어본 적이 없다. 오래된 공연복임이 틀림없다. 내가 입어본 것 중 가장 비슷한 건 [MASK]가 한때 사주었던 복숭아색 저고리뿐이었다.
장화	이 또한 결코 알 수 없을 것이다. 우리 화자가 무사히 성 밖으로 도달해 새로운 삶을 꾸렸을까? 아니면 다락방 은신처에서 발각되어 체포된 후 관가로 보내졌을까, 아니면 처형당했을까?
임이	"짐승 가죽으로 버선을 만들고 가장자리에 구멍을 뚫은 다음, 끈을 꿰어 말의 발목에 묶어줄 거야. 이 가죽이 우리 발을 얼음에 베이지 않게 지켜준다면 말들의 발도 보호해줄 수 있을 거야." [MASK]가 설명했다.
백구	"많은 개가 집을 지키지만, 어떤 개들은 집을 떠나 길을 찾을 때까지 외톨이가 되기도 해. 그러다 새로운 무리가 생기는 거지. [MASK]은 아직 어려서 거의 강아지나 다름없어. 덩치가 커서 나이가 들어 보일 뿐이지."
바리	길은 산 아래로 이어졌고 [MASK]는 그 길을 잠시 따라가 보기로 했다. 걷다 보니 이 지역은 자신이 살던 마을 주변과 너무나 비슷해서, 전에도 와본 적이 있는 것 같은 묘한 기분에 사로잡혔다.
무녀	마침내 박수무당이 입을 열었다. "왜 우리가 당신을 믿어야 하지? 당신이 우리를 속이려는 게 아니라는 걸 어떻게 알지? 그녀가 명문가 자손이라 하지만 증표가 어디 있나?" [MASK]가 나서서 말했다.
순이	[MASK]는 그녀가 골목을 도는 것을 보았다. 그는 움직이기 전에 사방을 살폈는데, 이는 조만간 버릴 수 있기를 바라는 습관이었다. 그는 그녀를 만나기 위해 빠르게 움직였다. 거리는 조용했다.
만수	"그럼 당신 생각은 뭐야?" [MASK]는 머리를 쓸어 넘기고 무릎의 통증이 가라앉을 때까지 다리를 꾹 눌렀다가 마루에 누웠다. "이 모든 일의 배후에 있는 자는 그 물건을 정말 간절히 되찾고 싶어 했어."
기수	경찰서에서 [MASK]는 성명과 본적, 나이와 직업을 말했다. 그리고 처음으로 자신이 연루되지 않았음을 밝히며, 다른 동료 중 한 명에게 증언해달라고 요청했다. 동료들은 절망적인 기분으로 그렇게 해주었다.
심청	"그건 내 잘못이 아니에요." 그녀가 말했다. "아버지가 앞을 못 보시고, 늘 고생만 하셨으며, 앞으로도 변하기 어렵다는 사실 말이에요. 하나님께 맹세컨대 당신은 [MASK]의 인내심도 시험에 들게 할 거예요."
선달	그가 당시에 장사꾼이었다는 사실은 전혀 놀랍지 않았다. 그가 그 외의 다른 모습이었던 적이 있다는 것 자체가 상상하기 힘들었기 때문이다. 하지만 그 먼 옛날에 인연이 있었다는 사실은 [MASK]를 묘하게 불쾌한 경이로움으로 가득 채웠다.
무심	그는 떨며 자리에서 일어나 다시 몸을 씻었다. 그것은 경고였고 그는 그 사실을 알았다. 그의 눈앞에는 [MASK]가 파놓은 깊고 고요한 함정이 그를 기다리고 있는 듯 보였다.
옥분	나는 아무 말도 하지 않았다. "네가 정말 이 아이를 원하는 거냐?" 아버지가 내게 물었다. "네," 내가 대답했다. "그리고 [MASK]도 원해요! 우리 아기라고요!" 내가 말했다.
헤이미치	"훈련 센터에서 벌어진 일을 국민들에게 공개해야만 대중에게 실질적인 영향을 줄 수 있어. 네가 무엇을 했는지 사람들이 알아야 하거든. 하지만 기밀이라 그럴 수 없으니, 시도해봐야 헛수고일 뿐이야."라고 [MASK]가 말했습니다.
프림	"경기가 시작된 이후 이토록 외로웠던 적이 없어. 그냥 운 나쁜 밤이 될 거라고 받아들이자고 스스로를 다독였지. 안 그러려 해도 엄마와 [MASK]가 오늘 밤 한숨이라도 잘 수 있을지 자꾸 걱정이 돼."
시나	"오늘은 [MASK]의 날이야. 그는 나의 마지막 희망이지. 그라면 나를 너무나 눈부시게 만들어서 내가 무슨 말을 지껄여도 아무도 상관하지 않게 해줄 거야. 팀은 늦은 오후까지 내 피부를 비단처럼 매끄럽게 만들었어."
피타	"경기장에 들어가면 우리가 처참하게 싸우는 모습이 상세히 중계될 거야. 제작진은 조공인들이 죽어가는 모습과 우리 모습을 번갈아 보여주겠지. 사실 대부분은 [MASK]의 모습일 거야. 이 로맨스 극을 이끌어가는 건 누가 뭐래도 그의 몫이니까."
강형사	"그런 놈들이라면 결과는 뻔했지. 그 연쇄살인마를 봐. 절대 사형당하지 않거나, 판결까지 20년은 걸릴 거야." [MASK]는 기분이 좋지 않았습니다. 그는 인형 제작자 사건에서의 자기 동기나 행동을 혼자 있을 때만 곱씹어 왔습니다.
추석	"그 영국인 동료가 그냥 야반도주했을 가능성은 없나요? 그의 어머니가 돌아가셨다는 게 확실한 팩트입니까?" 나는 아무 예고나 이유 없이 [MASK] 전에 그만두었던 우리 영안실 관리자가 떠올랐습니다.
모세	"정면에 보이는 예배당 문 양쪽에는 가문의 문장이 새겨져 있었고, 그 위 커다란 스테인드글라스 창에는 [MASK]와 불타는 떨기나무가 그려져 있었습니다. 사제가 자물쇠를 돌려 열고 그에게 들어가라는 손짓을 했습니다."
바오로	"사도 [MASK]에 대한 이야기는 많이 들었지만, 감옥에 갇힌 그와 대화하는 건 허락되지 않았습니다. 사도의 혀가 가장 날카로운 칼날 같다는 소문을 듣고 진리를 찾으려 했던 이 보잘것없는 구도자에게는 참으로 유감스러운 일이었죠."
광개토대왕	"어쩌면 그는 어떤 훈장을 받기로 지명되었을지도 모릅니다. 그는 제국에서 가장 위대한 정복자로 칭송받는 [MASK]의 영광을 기리기 위해 세워진 거대한 기둥들이 늘어선 웅장한 홀을 둘러보며 기운을 차렸습니다."
아이티	"제방 위에는 음식을 얻거나 동전 한두 개를 벌기 위해 도미니카 사람들과 [MASK] 사람들을 등 뒤에 업고 강을 건너다 주는 아이들이 있었습니다. 강물은 불어나고 웅덩이는 점점 넓어지고 있었습니다."
단군	"밤마다 조상들이 이 땅을 걷습니다. 느껴지나요?" 그가 물었습니다. "이 땅에는 민족의 정기가 가득합니다. 우리의 시조인 [MASK]가 터를 잡은 곳이니까요. 그래서 당신이 부름을 받은 거라 믿습니다."
고라니	"사람들이 말하는 소리를 들으면 [MASK]들은 바로 도망칠 겁니다. 달빛 아래에서도 꽤 잘 볼 수 있는 놈들이라 어쨌든 쉽게 겁을 먹거든요. 고기를 얻든지 대화를 나누든지 둘 중 하나만 해야지, 둘 다 가질 수는 없습니다."
얼음	"빨래는 직접 해도 되고 여기 세탁소에 맡겨도 돼요. 가을이 지나면 운영을 안 할 거라는 건 미리 말해두죠. 그때면 강에 [MASK]이 얼기 시작해서 겨울 동안은 배를 묶어둬야 하거든요."
조지	"그녀는 나 같은 노인에게 친절하게 대해주고, 거기 앉아서 이야기하고 토론하게 해줘요. 그녀는 동료예요, 아주 좋은 동료죠. 그 이상이기도 하고요. 똑똑하기도 하고, 세상에, [MASK]에 맹세코 여자다운 영리함까지 갖췄다니까요!"
석호	"누구 이기고 있는 사람 있나?" [MASK]가 검고 커다란 손으로 난간을 치며 좁은 철제 계단을 내려왔습니다. 그 소리가 공용 거실에 울려 퍼졌습니다. 독서실이나 테이프 보관소에 앉아 있던 예여섯 명의 사람들이 고개를 들어 미소 지었습니다.
크리슈나	"또 시작이군—[MASK]와 고피들, 우물가의 마을 처녀들... 그리고 메뉴판을 봐—오 제발, 또야—그래, 또 시작이지—티카 마살라, 탄 탄두리 치크, 나브라탄 채소 커리, 달 마크니, 파파담."
한국인	"지금은 그렇지 않아요. 그건—" 웨이트리스가 샌드위치를 가져다주자 그녀는 말을 멈췄습니다. 하지만 그것은 [MASK]들이 알고 있는 그런 샌드위치가 아니었습니다. 영국식 치즈 샌드위치는 버터 바른 흰 빵 두 조각 사이에 치즈 한 조각을 끼워 넣은 것이었습니다.
영자	"그녀는 이웃들에게 아기가 죽었다고 말했습니다. 어떤 이들은 그 말을 믿었죠. 결국 [MASK]는 한동안 앓아왔으니까요. 이 지구상에서 가장 작은 아이였죠. 하지만 대부분의 사람들은 그녀가 아이를 다른 가족에게 팔아넘겼을 거라 짐작했습니다."
이승만	"어르신들께 여쭤보세요. 다들 이렇게 말할 겁니다. [MASK]가 독재자였을지는 몰라도, 어쨌든 나라를 세운 사람이었다고 말이죠. 그는 자신의 연락책도 그런 경우였기를 바랐습니다."
조복	"실제로는 더 나은 삶을 갈망하던 현장 노동자였을 가능성이 컸습니다. 안드로이드도 꿈을 꾸는가? [MASK]는 자문했습니다. 분명히 그럴 겁니다. 그래서 가끔 고용주를 죽이고 이곳으로 도망쳐 오는 거겠죠. 예속 없는 더 나은 삶을 위해서 말입니다."
영희	"그는 침대 위에 몸을 뻗었습니다. 옷과 머리카락에서 떨어진 먼지가 하얀 시트 위로 내려앉았습니다. 무드 오르간을 켤 필요는 없었죠. [MASK]가 침실 창문을 불투명하게 만드는 버튼을 누르자 대낮의 회색빛이 사라졌습니다."
유리	"진심 아니시잖아요." [MASK]가 말했습니다. "당신은 절대 나에게 전화하지 않을 거예요. 불법 탈출한 신형 모델이 얼마나 민첩한지, 당신이 우리를 잡는 게 얼마나 불가능한지 모르시나 본데. 우리가 당신에게 이런 호의를 베푸는 건—알잖아요."
기철	"난 화상전화를 쓸 줄 몰라요." [MASK]가 가슴을 졸이며 항변했습니다. "난 못생겼고, 더럽고 구부정한 데다 이빨도 빠진 노인네니까요. 게다가 방사능 때문에 몸도 안 좋아서 곧 죽을 것 같아요."
최형사	"갑자기 현상금 사냥꾼 임무라도 맡게 된 모양이군. 아니면 당신 정체가 뭐든 간에 말이야, [MASK]." 그는 책상 인터폰 버튼을 누르며 말했습니다. "현상금 사냥꾼 중 한 명 들여보내. 누구든 상관없으니까."
이은결	"갑자기 그가 바닥에 쓰러졌습니다. 믿을 수 없다는 탄식에 이어 긴 박수가 터져 나왔습니다. 조수들이 그를 의자로 부축했습니다. [MASK]는 기운을 차리기 위해 물 한 잔을 요청했습니다. 그는 스포트라이트 아래서 잔을 들어 올렸고, 물은 투명하게 빛났습니다."
이은결	"[MASK]는 이 기묘한 대면에 대해 아무에게도 말하지 않기로 했습니다. 그는 탈출 마술의 성공을 자축하는 자리에서도 이례적으로 조용하고 차분한 태도를 유지했습니다. 저녁 신문에 대서특필된 기사조차 그의 기분을 북돋우지 못했습니다."
임꺽정	"거리에서 잔뼈가 굵은 늙은 순경이 말했습니다. '가장 중요한 건, 이 [MASK]이라는 자와 대화를 시작하는 겁니다. 무장한 광인이라도 말을 시키면 차분해지기 마련이거든요.'"
희수	"이들 중 대부분은 현재 개인 소장품이 되었습니다. [MASK]는 거의 매일 오후에 와서 가능한 한 오래 머물렀습니다. 그녀는 눈에 띄지 않으려고 수수한 옷을 입었죠. 운전기사에게는 비밀을 지키는 대가로 거액을 지불했습니다."
이은결	"그냥 나를 [MASK]라고 불러주시오. 한 진취적인 기자가 이 위대한 마술사를 찾아가 코멘트를 요청하기로 마음먹었습니다. 그는 당시 신문들이 좋아할 법한 자극적이고 사소한 가십거리를 찾아내는 데 도사였습니다."
일벌	"그는 누나의 숨소리를 들었습니다. 그러자 마치 팽팽하던 줄이 한계를 넘은 듯, 무언가가 그를 [MASK] 호텔의 지하실로 잡아당겼습니다. 바닥의 흔들림은 멈췄지만 소리는 줄어들지 않았습니다. 그는 오른손으로 귀를 틀어막았습니다."
아담	"우리는 언제나 그래왔습니다. 단어와 이름을 두고 몇 번이고 전쟁을 벌여왔죠. 인간 창조의 전설에 따르면 [MASK]가 주변을 둘러본 뒤 가장 먼저 한 일은 눈에 보이는 모든 것에 이름을 붙이는 것이었습니다."
철수	"어서 해봐, [MASK]. 우리한테 다 말해달라고." 남자들은 대화에 끼어들게 된 것이 기쁜 모양이었습니다. 그들은 도구를 챙겼습니다. 어떤 이들은 무릎에 팔꿈치를 올리고 턱을 괴며 경청했습니다.
클레오파트라	"더운 7월이었으니 술에 취했을 수도 있죠. 하지만 쥐니 여자의 연약함이니 하는 말들은 다 뭡니까? [MASK]의 가슴에 안긴 독사... 독... 배신감? 모든 걸 바친 여자들? 길바닥의 아기들?"
지영	"자갈길에서 내 발소리가 바스락거렸습니다. 위에서 목소리가 들려왔죠. '밤에 숲길을 자주 산책하시나요?' 사촌인 [MASK]였습니다. 그녀는 불도 켜지 않은 채 파란 방의 열린 창가에 앉아 있었습니다."
유다	"부인은 닭이 세 번 울기 전의 배신을 예고했고, 불성실함은 [MASK]의 입맞춤과도 같았습니다. 성인은 죄책감 없이 태연하게 거짓말을 할 수 있지만, 그 시절엔 아주 작은 속임수조차 양심을 찌르는 가시 같았습니다."
길동	"어딘가 타는 냄새가 났고, 연기 한 자락이 회랑 창문을 스쳐 지나갔습니다. '[MASK]가 집 앞 마구간과 농장 건물에 불을 지르고 있어요'라고 그가 조용히 말했습니다."
순이	"아니요, 난 [MASK]의 집으로도, 대학으로도, 단체로도, 집으로도 돌아갈 수 없었어요. 오직 앞으로 나아가거나 여기 지하에 머무는 수밖에 없었죠. 그래서 쫓겨날 때까지 여기 머물기로 했습니다."
터부	"내가 들어왔을 때 그는 거기 앉아 있었음이 분명합니다. 아름다운 분재가 놓인 탁자 위 옥 재떨이에서 담배 연기가 피어오르고 있었거든요. 토템과 [MASK]라는 제목의 펼쳐진 책이 그 곁에 놓여 있었습니다."
아기	"하지만 그녀는 영원히 기다릴 수 없다는 걸 알았습니다. 아이는 이제 태어난 지 6주가 되었고 모두가 그저 '[MASK]'라고 불렀죠. 그녀는 아이를 씻기고 집세를 아껴 모은 돈으로 암시장에서 담배를 살 곳을 찾아 나섰습니다."
가이사	" '일을 하는 방식에는 옳은 것과 그른 것이 있지.' ' [MASK]의 것은 [MASK]에게?' 연락책이 말했습니다. '소임을 다하는 동안에는 그 문제를 논할 수 없네' 신부가 소매 끝의 휘장을 만지며 말했습니다."
지석	"안녕!" 오전 9시. 우편으로 파티 초대장이 도착해 잠시 들떴으나, 알고 보니 안경 할인 행사 안내문이었다. 오전 11시 30분. 절박한 마음에 [MASK]에게 전화를 걸어 오늘 밤 나갈 생각이 있는지 물었다.
여리고	"[MASK]의 성벽. '그가 갑자기 나타나게 두지 마. 피아노를 박살 낼 정도로 힘이 장사니까.' '피아노는 반격하지 않잖아요.' '그래? 글쎄, 그가 널 붙잡으면 너도 반격하지 못할걸.'"
여리고	"머리를 두드리는 소리—미친 듯이 두드리는 소리. 관리인은 두드리는 소리보다 그 소년이 [MASK]의 성벽 앞에서 계속해서 그 짓을 멈추지 않는다는 사실에 더 당황했습니다. 떨쳐내도 소년은 공격적으로 달려들었습니다."
나폴레옹	"어두운 공허함 속에서 새어 나오는 그 기묘하고 작은 소리들은 사령관이 나만큼이나 당황했음을 알려주었습니다. 마치 내가 보잘것없는 물고기 그림이 아니라 그가 흠모하던 [MASK]의 원수들 중 한 명을 그린 것처럼 말이죠."
김홍도	"[MASK]는 결혼식, 구애, 상류사회의 온갖 허례허식을 그렸습니다. 그 모든 것이 새였고 그의 새 그림들은 불티나게 팔렸죠. 그는 신흥 부르주아들의 박물학을 아주 영리하게 그려내고 있었습니다."
비발디	"주인조차 구석에 있는 작은 라디에이터 앞에 웅크리고 앉아 내게 등을 돌린 채였습니다. 그는 요즘 상점들마다 지겹게 틀어대는 [MASK]의 '사계'를 슬쩍 끄고는, 금빛 소리처럼 편안한 경마 중계 소리를 틀었습니다."
길남	"그는 어딘가 다른 곳에서 왔고, 이 마을에는 기회가 전혀 없다는 [MASK]의 말에 동의했습니다. '고등어보다 더 죽어있는 동네'라고 그는 표현했죠. 그는 제방에 묶인 증기선의 굴뚝을 가리켰습니다."
철수	"[MASK]는 아주 능숙하고 관능적인 즐거움을 느끼며 차를 몰았습니다. 그것은 전함 같은 회색의 컨버터블이었고, 시속 150km로 달리는 중에도 충분한 여력을 발휘할 수 있는 괴물이었습니다."
철수	"비슷한 상황이었지, [MASK]는 생각하며 비밀 카지노의 회전문 안으로 들어갔습니다. 입구에는 예복을 차림의 남자가 지루한 표정으로 서 있었죠. 그의 임무는 문제가 생기면 전기 스위치로 문을 잠가 출입을 통제하는 것이었습니다."
강준	" '네, 손님.' '잠시만요. [MASK] 세 잔에 보드카 한 잔, 키나 릴레 반 잔을 섞어주세요. 얼음처럼 차가워질 때까지 잘 흔든 다음, 얇게 썬 레몬 껍질을 크게 한 조각 넣어주십시오.'"
안중근	"이번이 그 거사를 위한 마지막 기회였습니다. 훈장은 무엇이 될까요? [MASK] 훈장일까요? 그는 주의 깊게 들었습니다. '목표는 적의 핵심 요인이다. 기꺼이 그를 처단하겠나?' '물론입니다, 사령관님.'"
희망	"하지만 [MASK]를 포기하는 것이야말로 그들이 수없이 반복해온 일이었습니다. 의사들은 부모님께 이제 그만 포기하라고 권했지만, 그들은 거절했습니다. 그들은 끝까지 물러서지 않았고, 마침내 내가 태어났습니다."
영자	"나는 이미 평범한 여자, 그러니까 옆집에 살 법한 상냥하고 평범한 처녀와 함께하는 내 모습을 그려보았습니다. 그리고 그녀에게 나를 벌하고 다시 내게 돌아오기 위해 [MASK]가 감내했던 그 긴 세월의 이야기를 들려주는 모습도요."
김 변호사	"그런 식의 뒤늦은 후회는 끝도 없을 겁니다." [MASK]가 말했습니다. "때로는 정말 그렇죠." 김 변호사는 결코 바보가 아니었습니다. "당신이 판사라는 사실을 말했나요?" "네." "그래서 그가 당신을 해치지 않은 겁니다."
영숙	"그녀는 우리 모두가 다음 목표를 향해 순항하기를 묵묵히 기원하고 있을 겁니다. [MASK]는 응급실 로비에 홀로 서 있습니다. 단추를 꽉 채운 갈색 트렌치코트를 입고, 맨다리에 낡은 흰색 운동화를 신은 채 말입니다."
이승만	"그가 권력을 잡았을 때 그는 겨우 세 살이었고, 부모님이 검은 차에 실려 갔을 때는 일곱 살이었습니다. 그는 다락방에 3년 동안 숨어 지내다 1940년, 열 살의 나이에 결국 발각되어 차에 실려 떠나야 했습니다."
박정희	"국가는 필요한 모든 것을 스스로 생산해냈고, [MASK]의 명령에 따라 국가 재건 사업에 동원된 인력들을 활용해 과업을 완수했습니다. 그 착취의 마지막 단계는 희생된 이들의 이름 위에 세워진 기록들이었습니다."
김홍도	"마지막 부분이 재미있을 것 같아 생각보다 더 많이 모사했습니다. 어쨌든 그의 화첩에 담긴 메모들은 내게 너무나 많은 영감을 주어서, 마치 [MASK]의 전집 중에서 가장 좋은 작품을 고르는 것처럼 즐거웠습니다."
레닌	"나라는 1918년 러시아의 지배에서 벗어났습니다. [MASK]의 격언인 '두 걸음 전진을 위한 한 걸음 후퇴'라는 말처럼, 이것은 후퇴였지만 덕분에 자유 국가로서의 기쁨을 누릴 수 있었습니다. 하지만 그날들은 얼마 남지 않았고 속수무책이었습니다."
철수	"그녀의 남편은 내 곁에 쪼그려 앉아, 뭉툭한 손가락으로 [MASK]의 얼어붙은 발을 능숙하게 문지르기 시작했습니다. 이따금 소주를 한 모금 들이켜면서 말이죠. 나는 담요를 조금씩 걷어내며 상처 부위를 살폈습니다."
임꺽정	"벼슬아치들 중에는 땅과 자리를 얻기 위해 수치심을 내던진 자들이 수두룩하지." "보시다시피 나는 그 어느 쪽도 얻지 못했소." [MASK]가 껄껄 웃으며 대답하자 주변에서 웃음소리가 터져 나왔습니다. "뭐요? 근처에도 못 가본 거요?"
이몽룡	"그가 강연하는 모습을 지켜보는 게 늘 즐거웠습니다. '남편에 대해 말해줘요.' [MASK]가 내 마음을 읽기라도 한 듯 말했습니다. 나는 깜짝 놀라 하마터면 손을 뗄 뻔했습니다. '네?' '이봐요, 아가씨.'"
성춘향	"오시느라 고생 많으셨습니다, 아가씨." 그가 고개를 숙이며 말했습니다. 나는 그 인사에 조금 놀랐지만 이내 답례했습니다. "환대에 감사드립니다. 혹시 [MASK]를 보셨나요?"
방자	"내가 무슨 생각을 하는지 대체 어떻게 아신 거죠?" 나는 웃음을 참으며 물었습니다. 그는 인자하게 고개를 저었습니다. "자네는 스파이 노릇은 영 못 하겠어, [MASK]. 생각하는 게 얼굴에 그대로 다 나타나거든."
길남	"내 머리? 내 머리가 왜?" [MASK]가 손을 올려 확인하며 물었습니다. 어깨까지 자란 머리카락을 그는 평소처럼 가죽 끈으로 묶어 얼굴에 흘러내리지 않게 고정해 둔 상태였습니다.
영호	"내가 만약 이 마을 사람과 혼인한다면, 더 이상 감시와 경계의 대상이 되지 않을 것입니다. 때가 되었을 때 떠나기도 훨씬 쉽겠죠. 그리고 만약 그 상대가 [MASK]라면... 글쎄요, 그는 분명 나를 좋아하고 있었습니다."
철호	"돌아와 보니 [MASK]가 나를 뚫어지게 쳐다보고 있었습니다. '원치 않는 일은 묻지 않겠다고 약속했으니 묻지 않겠네.' 그가 말했습니다. '하지만 나름대로 결론은 내렸네.'"
김 영감	"한두 시간 지나면 진정될 걸세. 그때 자네가..." "자네 상사를 좀 더 믿어보게." [MASK]가 말을 가로챘습니다. "일이 다 마무리되고 나면 그도 이번 변화가 옳았음을 알게 될 거야."
망자	"[MASK]는 그들을 더욱 아름답게 만듭니다. 마지막 안식에 든 시신들—눈은 감겨 있고 입술은 창백하며 사지는 굳어 있고 피부는 차갑죠. 마침내 그들이 평화에 이르렀다고 말할 수 있을 겁니다."
중풍	"[MASK]이었어요. 마지막엔 자기 아내조차 알아보지 못했죠. 비극이었어요, 모두에게요. 그가 그렇게 죽어가는 걸 지켜본 후 모두의 삶이 바뀌었습니다." 그는 눈을 몇 번 깜박이더니 담배를 피우다 자신의 손톱을 내려다보았습니다.
야곱	"그 시간 동안 그는 수행에 전념했고, 아버지의 가업을 잇기로 결심했으며, 결코 얻을 수 없을지 모르는 [MASK]를 얻기 위해 마치 야곱처럼 고군분투했습니다. 하지만 그 생각은 그를 꺾지 못했습니다."
김 순경	"인도군이 그렇게 대패하지 않았다면 우린 기억조차 못 했을 겁니다. 대부분의 사람들에겐 아무 의미도 없었죠. '좋아요.' [MASK]가 미소 지으며 말했습니다. '그럼 당신이 말해봐요. 62년 전쟁보다 더 중요한 게 뭐였는지.'"
은하	"두 번째 발걸음이 그녀를 시신 위로 이끌었습니다. 신선한 피로 물든 제복 소매. 부서진 진압봉의 파편들. 그녀의 시야는 터널처럼 좁아졌습니다. 세 번째 발걸음을 뗐을 때, [MASK]는 비명을 지르며 가상 현실에서 현실로 튕겨 나왔습니다."
소희	"그녀는 개인의 의식이 거의 사라진 상태를 꿈꿨어요." 지혜가 확장된 화면을 [MASK]에게 보여주며 말했습니다. 화면 속 프로필은 그녀의 얼굴과 아주 닮아 있었습니다. "동물적인 축복이죠."
유리	"그들은 작전 전체를 정교한 농담으로 여기기로 했고, 통신 위성 선택도 의도적이었습니다. [MASK]의 신호는 검은 유리 빌딩 옥상에 설치된 안테나를 통해 송출되고 있었습니다. 그 건물은 인근 금융 타워만큼이나 높았죠."
강 준	"자, 어서 가요. 즐거울 겁니다, [MASK]. 마치 선물 상자를 여는 기분일 거예요." 강남의 여름, 바람에 흔들리는 풀처럼 일렁이는 인파, 욕망과 만족의 소용돌이가 몰아치는 인간의 바다 말입니다."
철수	"그럼 시스템이 스스로를 파괴할 준비를 하고 있다는 건가요?" [MASK]는 불안한 듯 무작위로 자판을 두드리기 시작했습니다. 화면이 흐려지더니 이내 핑크색 구체들로 이루어진 거대한 반도체 복합 단지가 나타났습니다.
영희	"작전은 실패했습니다. 그는 여전히 이곳에, 여전히 고깃덩어리로 남아 있었습니다. 기다리고 있을 [MASK]도, 칼날 같은 시선도, 새 여권과 돈을 챙겨 모텔에서 기다릴 요원도 없었습니다. 그저 허망한 꿈, 한심한 환상이었을 뿐입니다."
강 요원	"자료 중 일부는 문서 기록이었는데, 화면을 너무 빨리 스쳐 지나가는 바람에 [MASK]는 컴퓨터에 내용을 읽어달라고 요청해야 했습니다. 다른 부분은 청문회 당시의 음성 녹음이었습니다."
강 요원	"[MASK]는 우리가 없는 동안 이 도시의 폐기물들이 자라난 것 같다고 느꼈습니다. 혹은 시간의 압력 아래 기괴하게 변해가고 있는지도 모른다고요. 버려진 기술의 잔해들이 거대한 고철 더미가 되어 도시의 그늘진 곳에서 비밀스럽게 꽃을 피우고 있었습니다."
강 요원	"[MASK]는 단말기에 접속해 가상 공간으로 들어갔습니다. '내 연락 받았어?' '응.' 중국산 프로그램이 거대하게 성장해 있는 게 보였습니다. 무지개 빛깔의 정교한 아치들이 보안망에 다가가고 있었습니다. '상황이 점점 복잡해지는군.'"
유리	"아마 주사를 한 번 더 맞아야 할 거예요." 지혜가 몸을 일으키며 말했습니다. "그는 당신이 오기를 몹시 기다렸거든요. 당신을 간호해서 다시 건강하게 만드는 것도 꽤 재미있을 것 같네요, [MASK]." 그녀는 피 묻은 손을 옷에 닦으며 미소 지었습니다.
유리	지혜가 어린아이 같은 목소리로 물었습니다. "당신이라면 할 수 있을 것 같네요." "[MASK]"라고 [MASK]가 말했습니다. "그녀에게 암호를 말해." 접속을 끊으며 그가 비명을 질렀습니다. "그 여자가 암호를 원해!"
강 준	"당신의 가명마다 추적 장치를 붙이고 군용 소프트웨어를 돌려봤어. 자네는 지금 자폭 중이야, [MASK]. 이대로라면 밖에서 한 달도 못 버텨. 우리 진단 결과로는 1년 안에 장기 이식을 받아야 할 판이라고."
강 준	"자, 따라와요. 여기 있는 동안 이 비밀 기지를 구경시켜 줄 테니까." 그가 장막을 걷어내자 눈부신 백색 광선이 쏟아져 나왔습니다. "젠장, 멍하니 서 있지 말고." [MASK]는 얼굴을 문지르며 뒤따랐습니다.
욥	가난하기가 [MASK]의 집 같았지만, 그의 조상들은 1619년에 건너왔고 그중 한 명은 귀족의 자제였습니다. 물론 뼈대 있는 집안 자랑이 내게 통할 리 없죠. 나는 조상 덕을 보며 사는 사람이 아니니까요.
기화	"[MASK] 님, 모르실 수도 있겠지만 기생과 손님 사이의 일로 아이가 생길 수도 있습니다, 아시겠어요? 그리고 남자는 자기 정인이 다른 남자의 아이를 낳는 것을 결코 용납하지 못할 겁니다."
준호	"어쩌면 그 괴물은 유령일지도 몰라." 모인 아이들이 술렁였습니다. "[MASK]가 말했습니다. '차례를 지키지 않고 떠드는 사람이 너무 많아. 규칙을 지키지 않으면 제대로 된 회의를 할 수 없다고.'"
준호	"숲속에 메아리가 울려 퍼졌고, 아주 먼 옛날 그 첫날 아침처럼 새들이 나무 꼭대기에서 비명을 지르며 날아올랐습니다. 해변은 텅 비어 있었습니다. [MASK]는 매끄러운 나무통 위에 앉았고, 세 명의 아이들이 그 앞에 섰습니다."
준호	"쌍둥이가 동시에 고개를 끄덕였습니다. '그래, 맞아. 아침에 저 위로 올라가 보자.' [MASK]는 바다를 바라보며 말했습니다. '우린 다시 불을 피워야 해.'"
뚱보	"네 친구는 어떻게 소라 껍데기를 불었어?" "그냥 침을 뱉듯이 불었어." [MASK]가 말했습니다. "난 천식 때문에 이모가 못 불게 했거든. 친구 말로는 배에 힘을 주고 부는 거래."
민석	"그의 목소리는 크고 거칠었으며 아이들을 침묵시켰습니다. '배가 있었어.' [MASK]는 끔찍한 결과가 눈앞에 닥치자 시선을 회피했습니다. 그는 잡은 돼지 위에 손을 얹고 칼을 꺼내 들었습니다."
민석	" '이쪽이야—' '하지만 그가 우릴 공격할 거야!' '이쪽이라고 했잖아—' 멧돼지가 그들로부터 멀어지며 허우적거리고 있었습니다. 그들은 다른 길을 찾아냈고 [MASK]는 달려 나갔습니다."
준호	" '그가 오늘 밤 다시 올 거라고 하니?' '하지만 괴물 같은 건 없어!' 이제 웃음기는 사라지고 엄숙한 분위기만 감돌았습니다. [MASK]는 머리를 쓸어 넘기며 놀라움과 짜증이 섞인 표정으로 어린 소년을 바라보았습니다."
준호	"회의가 다시 정돈되었습니다. '자, 보시다시피,' [MASK]가 말했습니다. '우리에게는 고기를 구해올 사냥꾼이 필요해. 그리고 한 가지 더.' 그는 무릎 위의 소라를 들어 올리며 아이들을 둘러보았습니다. '어른들은 아무도 없어.'"
민석	" '너도 그랬잖아.' '그럼 날 겁쟁이라고 불러.' [MASK]는 사냥꾼들을 향해 몸을 돌렸습니다. '그는 사냥꾼이 아니야. 우리에게 고기를 가져다준 적도 없지. 우린 그에 대해 아는 게 아무것도 없어.'"
뚱보	"꿀벌들의 웅웅거림 외에는 정적이 감돌았습니다. 마침내 [MASK]가 다정하게 입을 열었습니다. '당연히 그래야지. 연기는 신호니까. 연기가 없으면 우린 구조될 수 없어.' '나도 그건 알아!'"
민석	" '난 괴물에 대해 말하는 거야. 무서우면 무서워해. 하지만 괴물은 말이지—' [MASK]는 소라를 품에 안고 검은 모자를 쓴 사냥꾼들을 돌아보며 말을 멈췄습니다. '내가 사냥꾼이야, 아니야?'"
준호	" '이제 누군가는 입을 다물고 결정은 우리에게 맡겨야 한다는 걸 알 때가 됐어.' [MASK]는 더 이상 그의 말을 무시할 수 없었습니다. 얼굴이 붉게 달아올랐습니다. '너한테는 소라가 없잖아.' 그가 말했습니다."
뚱보	" '모래 위에서도 연기를 피울 수 있어.' '맞아!' '연기다!' '수영장 옆에서!' 아이들이 떠들기 시작했습니다. 산 위에서 불을 옮기자고 제안할 수 있는 지적인 대담함을 가진 사람은 오직 [MASK]뿐이었습니다."
준호	"마치 공중에 떠 있는 듯한 불길이 곡예사처럼 번지더니 플랫폼 위의 천막을 집어삼켰습니다. 하늘은 검게 변했죠. 경찰관이 [MASK]를 보며 밝게 웃었습니다. '연기를 보고 왔습니다. 여기서 무슨 일이 있었던 겁니까? 서바이벌 게임이라도 한 건가요?'"
준호	[MASK]가 갑작스럽게 말을 이어갔습니다. "하지만 그건 어린애들이나 하는 소리에요. 이제 확실히 해두죠. 우리가 정말로 논의해야 할 마지막 부분은, 우리 안에 자리 잡은 이 공포를 어떻게 결정짓느냐 하는 겁니다." 머리카락이 다시 그의 눈을 가렸습니다.
준호	"여기 멧돼지도 있고," 그가 말했습니다. "먹을 것도 충분하고, 저쪽 개울에는 씻을 물도 있어요. 모든 게 다 있는데, 다른 걸 찾아낸 사람은 없나요?" 그는 소라 껍데기를 다시 [MASK]에게 건네고 자리에 앉았습니다.
뚱보	그가 덤덤하게 말했습니다. "알겠습니다." 상식적이고 법도가 지배하던 세상이 멀어져 가고 있었습니다. 한때는 질서라는 게 있었지만, 이제 배는 떠나버렸죠. 소라가 그의 손에서 낚여 나갔고 [MASK]의 목소리가 날카롭게 울려 퍼졌습니다.
준호	"말해두겠는데, 그놈은 너도 증오해, [MASK]—" "나를? 왜 나야?" "모르겠어. 네가 그를 불 근처로 몰아넣었잖아. 그리고 넌 대장이고 그놈은 아니니까." "하지만 그는, 그는..."
준호	"그래서 그다음엔?" "길을 하나 찾아냈어요. 수 킬로미터나 이어져 있더군요." "그럼 그 길이 분명 저 안쪽 어딘가로 연결되겠군." [MASK]가 고개를 끄덕이며 숲을 가리켰습니다. 모두가 현명하다는 듯 고개를 끄덕였습니다. "좋아요, 그럼."
준호	마침내 모임이 다시 조용해졌습니다. 누군가 차례를 어기고 소리쳤습니다. "어쩌면 그가 말하는 게 유령 같은 건지도 몰라요." [MASK]가 소라를 들어 올리며 어둠 속을 응시했습니다. 희끄무레한 백사장만이 유일하게 밝았습니다. 아이들이 정말 더 가까이 온 걸까요?
준호	숲 너머에서 외침이 들리더니 [MASK]가 공포에 질려 빠른 속도로 덤불 사이를 달려 나갔습니다. 그는 좁은 산길에 다다라 백 미터쯤 달리다가 갑자기 방향을 틀어 사라졌습니다.
준호	[MASK]가 말을 이어갔습니다. "우리는 모임을 자주 가져요. 다들 함께 모여 말하는 걸 즐기죠. 뭔가를 결정하기도 하고요. 하지만 실행되는 건 하나도 없어요. 개울에서 물을 떠다가 신선한 잎으로 덮은 코코넛 껍데기에 담아두기로 했었잖아요."
준호	"하지만 난 들려요." 흩어져 있던 형체들이 모래 위로 모여들어 회전하는 거대한 검은 덩어리가 되었습니다. 그들은 무언가 주문을 외우고 있었고, 겁먹은 아이들은 울부짖으며 비틀거리며 도망쳤습니다. [MASK]는 소라를 입가에 가져갔다가 다시 내려놓았습니다.
준호	"우린 그때 함께였잖아요—" 경비관이 친절하게 고개를 끄덕였습니다. "알고 있습니다. 아주 훌륭한 모습이었어요. 마치 '보물섬'의 한 장면 같더군요." [MASK]는 멍하니 그를 바라보았습니다. 잠시 동안 그는 한때 이 해변을 감쌌던 기묘한 매력을 떠올렸습니다.
준호	"누가 내 팀에 들어올래?" "내가 할게." "나도." "내가 소라를 불어서," [MASK]가 숨 가쁘게 말했습니다. "모임을 소집할 거야." "우리는 그 소리를 듣지 못할걸."
준호	이 쓰러진 통나무는 해변과 평행하게 놓여 있어서, [MASK]가 앉으면 섬을 마주하게 되었지만 아이들에게는 반짝이는 라군을 배경으로 한 어두운 형체로 보였습니다. 통나무를 밑변으로 하는 삼각형의 두 변은 그리 고르지 않았습니다.
무룡	"나도 알아." [MASK]는 자신이 소리 내어 말했다는 사실을 깨달았습니다. 그는 급히 눈을 떴고, 파리 떼와 쏟아진 내장, 장대에 꽂힌 수치스러움조차 무시한 채 묘한 대낮의 햇살 속에서 즐겁게 웃고 있는 머리 하나를 보았습니다.
영자	[MASK]는 교복과 운동화, 그리고 엄청난 양의 책이 든 가방을 머리 위로 들어 올렸습니다. 가끔 아이들은 공모라도 한 듯 낄낄거리며 속삭였습니다. "영자야, 너 본 거 말하지 마, 알았지?" (그녀가 버스 대신 어떤 남자아이의 자전거 뒷자리에 앉아 학교에서 돌아올 때면 말입니다.)
허생	사람들은 모두 돈을 좋아합니다. 당연하죠—도시에서 제공할 수 있는 것이라고는 자신의 살점 한 파운드뿐이었고, 돈 외에는 얻을 수 있는 게 아무것도 없었던 가난한 이가 보여준 [MASK]의 몸짓이었습니다. 종놈이나 알 법한 푼돈들 말입니다.
영숙	그곳에는 울음과 지식, 사랑과 다툼으로 만들어진 무늬들이 있었습니다. 우리 삶의 모든 조각에는 어떤 무늬나 사람이 깃들어 있었죠. 이 집은 나의 첫 번째 어머니인 [MASK]에 의해 매일 닦이고 사랑받았습니다. 그리고 집 뒤편에는 죽은 이들이 묻혀 있습니다.
북한	"이제 그에게 보너스를 줄 때가 된 것 같군. 그는 여기 있는 외국 요원들—미국인뿐만 아니라 [MASK] 요원들까지 포함된 완벽한 리스트를 작성 중이야. 그는 그들을 '들오리'라고 부르더군." "그거 정말 대단한 성과가 되겠는데요."
납치	그는 무사했고 그녀도 마찬가지였습니다. 두 사람 모두 해방되었지만, 그녀는 지난 사흘을 어디서 보냈는지 그에게 말하지 않았습니다. [MASK]가 생각보다 가혹한 시련은 아니었다고 그는 농담했습니다. 그는 아주 극진한 대접을 받았고, 몸에 멍 자국 하나 없었습니다.
길룡	"이봐요, 그가 말을 하네! 하지만 얘야, 내가 말해두겠는데 그 아프리카 말투는 다 잊어야 해. 나리들을 화나게 하고 우리 동포들을 겁먹게 할 뿐이야. 네 이름은 [MASK]다. 사람들은 나를 악사라고 부르지." 그는 자신을 가리켰습니다.
심청	성경에 닭에 관한 구절이 있었나요? 그녀는 어렴풋이 기억해냈습니다—만약 틀리지 않았다면 [MASK]서였을 겁니다—"암탉이 제 새끼를 날개 아래 모음같이..." 내가 꼭 찾아봐야겠다고 그녀는 스스로에게 말했습니다.
덕수	"사백!" "오백!" 그러자 첫 번째 서양인이 소리쳤습니다. "육백 없나! 이놈을 보라고! 노새처럼 일을 잘하게 생겼잖아!" [MASK]는 공포로 몸을 떨었고, 얼굴에는 땀이 흘렀으며 숨이 턱 밑까지 차올랐습니다.
나영	하지만 [MASK]는 고개를 끄덕였습니다. 그녀의 눈빛은 따뜻했지만 미소 짓지는 않았습니다. 난민들이 도시의 빈터들을 점령하고 있었습니다. 도로 사이 녹지대에 텐트를 치고, 남의 집 담벼락 옆에 임시 거처를 만들고, 길가나 거리 모퉁이에서 거칠게 잠을 청하며 말입니다.
철수	아침에 잠에서 깨어났을 때 그녀는 그를 지켜보고 있었습니다. 그는 그녀의 머리카락을 쓰다듬었고, 그녀는 손가락으로 그의 입술 위와 귀 아래 턱수염을 만졌습니다. 그는 그녀에게 입을 맞추었고 두 사람 사이의 분위기는 좋았습니다. 그들은 짐을 쌌고 [MASK]는 커다란 배낭을, 나영은 텐트를 짊어졌습니다.
강 형사	뚱뚱한 남자가 낄낄거렸습니다. "내가 그걸 숨겼다고?" "그래," [MASK]가 손안의 권총을 만지작거리며 말했습니다. "자백할 건가, 아니면 몸수색을 당해볼 건가?" "몸수색이라니?"
강 형사	"웃길 거 하나도 없어." [MASK]는 뚱뚱한 남자의 웃음에 기분 나빠하지도, 감동하지도 않은 듯했습니다. 그는 고집불통이지만 아주 말이 안 통하지는 않는 친구를 설득하는 사람처럼 말했습니다. "이게 우리의 최선책이야."
강 형사	"그들을 다루는 방법은 희생양을 하나 던져주는 거야. 모든 죄를 뒤집어씌울 수 있는 누군가 말이지." "글쎄요, 서장님, 그것도 하나의 방법이긴 하겠지만—" "무슨 '하지만'이야!" [MASK]가 소리쳤습니다.
영희	"나를 위해서 그것도 안 해줄 거야?" "난 당신을 위해 바보 노릇은 하지 않을 거야." "제발 그렇게 말하지 마요." 그녀는 그의 어깨에서 손을 내려 자신의 얼굴에 갖다 댔습니다. "왜 나한테 이래야만 해요, [MASK]?"
강 형사	"괜찮습니다." [MASK]가 명함 한 장을 건네며 안심시켰습니다. "그래도 확인하고 싶다면, 당신 사무실로 가서 관리인에게 확인을 받아도 좋습니다." "뭐, 괜찮은 것 같군요."
지영	"좋아요, 그럼 어떻게—" "이제 당신이 말할 차례야, [MASK]. 이제 나한테 제안할 수 있는 휴양지 티켓 같은 건 없잖아. 여기서부터는 철저하게 기브 앤 테이크라고."
엘리야	그녀는 평소처럼 빠르고 정확한 동작으로 옷장으로 가서 신발 상자 하나를 꺼내 [MASK]에게 건넸습니다. "엘리야, 아직 내 질문에 대답 안 했어." "무슨 질문 말이야, 여보?" 그가 천진하게 웃으며 물었습니다.
페이스북	그가 쓴 어떤 글, 그러니까 그날 아침 [MASK]에서 읽은 내용이었어요. 충격은 아니었습니다—그녀가 아기를 가졌다는 건 그에게 들어서 알고 있었고, 아기방 창문의 분홍색 블라인드도 봤었으니까요.
만수	[MASK]가 내게 말했습니다. "항상 이렇지는 않을 거야. 결국 선로를 개량할 거고, 그러면 빠른 기차들이 굉음을 내며 지나가겠지." 하지만 난 그 일이 실제로 일어날 거라고는 믿을 수 없었습니다. 돈만 있었다면 난 거기 남아서 그 기차표를 다 샀을 거예요.
리산 알 가입	"공포가 지나가면 나는 마음의 눈으로 그 경로를 살필 것이다. 공포가 지나간 곳에는 아무것도 없을 것이다. 오직 나만이 남으리라." 당신은 무엇을 경멸하는가? 그것이 당신의 본모습을 말해준다. — 공주 이룰란의 "[MASK] 선집" 중에서
철수	그의 다리는 감각이 없고 고무처럼 흐느적거렸습니다. 그들은 좁은 옆 통로로 들어갔고, 벽에는 드문드문 설치된 조명들이 희미하게 빛나고 있었습니다. [MASK]는 약 기운이 독특한 효과를 내기 시작하는 것을 느꼈습니다. 마치 꽃처럼 시간이 열리는 기분이었습니다.
철수	그리고 [MASK]는 자신의 리더십이 그들 사이의 이 존재론적인 차이를 모두가 알고 있다는 사실 때문에 고통받고 있음을 알았습니다. 그는 아직 '샤이 훌루드'를 타보지 못했습니다. 다른 이들과 함께 훈련이나 습격을 위해 타본 적은 있지만, 혼자만의 항해를 해본 적은 없었습니다.
철수	"이제 정말 조심해야 해!" 그는 한쪽으로 높이 뛰어올랐다가 앞으로 돌진하며 맹렬한 공격을 퍼부었습니다. [MASK]는 방어하며 뒤로 물러났습니다. 보호막의 가장자리가 서로 맞닿아 튕겨 나갈 때의 파동이 느껴졌고, 피부에 닿는 전기적 자극을 감지했습니다.
철수	"이것이 유일한 규칙이다. 손을 상자 안에 넣고 살아남아라. 빼면 죽는다." [MASK]는 떨림을 멈추기 위해 깊은 숨을 들이마셨습니다. "내가 소리치면 몇 초 안에 하인들이 당신을 덮칠 거고 당신은 죽게 될 거야."
철수	"혹은 우리의 반도체 기술 때문일지도 모르지. 그건 확실해." [MASK]는 터널 벽의 입구들을 살폈습니다. 높은 선반 위의 두꺼운 카펫, 화려한 직물이 걸린 방들, 쌓여 있는 쿠션들이 보였습니다.
이장	"이 거리에서 우리는 그냥 지면 위의 벌레일 뿐이야." [MASK]가 말했습니다. 그는 왼손으로 신호를 보냈습니다. "내려가서. 모래 위로 흩어져라." 대원들이 거대한 모래벌레의 옆면을 타고 내려가 클록을 입고 모래 속으로 숨어들기 시작했습니다.
철수	[MASK]는 자신이 서 있는 비늘 모양의 고리 표면을 내려다보며 비늘의 형태와 크기, 그리고 오른쪽으로는 커지고 왼쪽으로는 작아지는 모양새를 관찰했습니다. 모든 벌레는 한쪽 면을 더 자주 위로 향하며 움직이는 특징이 있었습니다.
아다노	그는 대장이 훈육에 대해 훈계하기 시작할 때 [MASK]를 위해 무엇을 말해야 할지 알고 있었습니다. "글쎄, 난 명령을 받았어." 대장이 말했습니다. "나가서 다리 옆 도로와 황 공장의 보초들을 철수시켜야 해."
민석	"2월 몇 일?" "22일." "아, 물고기자리군요? [MASK]. 우린 잘 맞을 거예요, 난 전갈자리거든요. 참, 처녀자리하고는 절대 결혼하지 마세요."
지석	[MASK]가 그를 따라 문 쪽으로 향했습니다. "있잖아, 네 아버지가 너 집에 오는 거 정말 걱정 많이 하셔. 나보고 너한테 잔소리 좀 하라고 하셨는데, 물론 안 하겠지만 그래도 아버지한테 뭐라고 말씀은 드려야 하거든."
지석	"...만약 내가 네 호텔에 들렀다는 걸 정말 몰랐다면, 그건 [MASK]가 너한테 말을 안 했다는 뜻이고 결론은 똑같아. 네가 지금 도망치고 있고 나를 마주할 자신이 없다는 게 분명해졌으니까."
지석	"대체 왜 반지를 가방 안감 같은 데 숨기지 않은 거야?" "[MASK]가 말했습니다. '나도 잘 모르겠어. 그냥 충동적이었달까. 그 사람이 어떤지 알잖아.'"
지석	그는 위험을 감지하고 몸을 꼿꼿이 세웠습니다. 아직 완전히 벗어난 게 아니야, 그는 스스로에게 말했습니다. 아직 집 밖으로 나간 게 아니라고. "갈 준비 됐어?" [MASK]가 물었습니다. "너 여기 살긴 하는 거야?" "아뇨!"
삼촌	그의 얼굴 전체가 붉고 거대해졌으며 숨소리가 거칠었습니다. "내가 널 아낀다. 조카야, 내 마음 알지?" "네, [MASK], 그래서 저보고 여기로 오라고 하신 건가요?"
마리아	"세상에, 제발 이런 식으로 자신을 비하시키는 건 그만둬요." (이어지는 목소리들은 '내 영혼의 아름다운 [MASK]'의 마지막 트럼펫 연주와 담배 연기, 위스키 한 모금, 그리고 다시 들어 올려지는 레코드 플레이어의 바늘 소리에 묻혀 사라졌습니다.)
마리아	다음 날 그는 [MASK]의 집으로 갔지만 그녀는 없었습니다. 그다음 날도, 그다음 날도 그녀는 없었습니다. 그리고 하바나 힐튼 호텔까지 가보았지만 여전히 그녀는 없었습니다. 그녀에게 무슨 일이라도 생긴 걸까요?
안성기	"저 위까지 쭉 이어져요." 그들은 몇 분간 침묵 속에 서 있었고, 그가 그녀에게 물었습니다. "혹시 [MASK] 사람인가요? 당신, 한국인(Tu eres coreana)이죠?" "네, 맞아요." "그럴 줄 알았어요."
요한계시록	그는 동전 상자를 절렁거리며 기도하는 듯한 거친 목소리로 중얼거렸습니다. "하늘에 바치십시오. 불우한 이웃을 도웁시다." 누군가 의심스러운 눈초리로 쳐다볼 때마다 그는 [MASK]을 인용했습니다. "'왕들의 살을 먹게 하려 함이라.'"
아가야	"'[MASK],' 내가 그녀에게 말했습니다. '내 눈엔 당신이 정말 예뻐 보여요.' 그녀는 믿기지 않는다는 듯하면서도 희망에 찬 눈빛으로 나를 바라보았고, 검은 얼굴 위로 붉은 입술이 꽃처럼 피어났습니다. '농담 아니죠?'"
유페미아	사람들은 그녀에게 [MASK]라는 세례명을 지어주었지만, 그 이름을 부를 때마다 그녀는 말처럼 머리를 흔들며 대답하지 않았습니다. 결국 사람들은 포기하고 그녀의 진짜 이름을 부를 수밖에 없었습니다.
양반	"이 냉혈한 [MASK] 놈들은 저 아이 같은 생명력을 절대 가질 수 없지, 암, 그렇고말고!" 근처에 살던 젊은 친구들 몇 명이 도착하자 대화는 활기를 띠기 시작했습니다.
이승만	"당신은 [MASK]가 건국 선언을 한 이후 얻은 최고의 기회를 스스로 날려버리려 하고 있어요." "괜찮아. 약속이란 파이 껍질 같아서 깨지기 마련이니까. 당신이 최선일지 몰라도, 그 최선이라는 게 참 보잘것없구먼."
욥	"그럼 그때 답변을 듣겠네." 그는 올 때만큼이나 갑작스럽게 몸을 돌려 그녀를 떠났습니다. 수많은 날이 흐른 후, "하늘은 [MASK]의 시작보다 그 끝에 더 큰 복을 내리셨습니다." 지루한 시간들이 길게 이어졌습니다.
라일라	[MASK]가 커튼을 잡으려 했을 때, 길 위로 먼지 구름을 일으키며 지나가는 차 한 대가 보였습니다. 서울 번호판을 단 파란색 제네시스가 마침내 떠나고 있었습니다. 그녀는 차의 뒷유리가 햇빛에 반짝이며 모퉁이를 돌아 사라질 때까지 눈을 떼지 못했습니다.
제주도	"내가 [MASK] 방언을 할 줄 안다는 건 당분간 비밀로 하는 게 좋겠어. '반지는 어디 있지?'" 그녀는 몰래 훔쳐보았습니다. 소년의 얼굴이 순식간에 붉어지더니 뒷주머니에 손을 뻗었고, 이내 얼굴에서 핏기가 싹 가셨습니다.
제주도	"괜찮아, 친구, 괜찮아." "고맙다"는 말이었지만, 이번에는 [MASK] 방언 특유의 감사 표현이 평소와 같은 감흥을 주지 못했습니다. 그녀가 느끼기엔 그저 '달이 떴네, 달이 떴어'라고 중얼거리는 소리처럼 들렸습니다.
지영	"안녕, [MASK], 어떻게 지내?" "음, 잘 지내요. 발에 묻은 흙이랑 피로를 좀 씻어내려던 참이었어요." 그녀가 작게 웃었습니다. "정말 그렇네. 얘야, 너 정말 보기 좋다."
지영	"하지만 [MASK], 일단 우리 같이 밥부터 먹자. 이야기는 그다음에 하고." "한 가지만 약속해줘요. 나한테 생선 잡아 오라고 시키지 않겠다고." 그는 그녀의 옆구리를 찔러 장난을 치며 그녀의 말을 넘겼습니다.
지영	그는 사람들을 웃기려고 [MASK]를 조금 놀려주었습니다. "보세요, 구청장님, 당신 부인이 무슨 짓을 했는지." 아주 우스꽝스러운 상황이라 모두가 웃음을 터뜨렸습니다. "여자랑 칼—둘은 어울리지 않는 법이지."
지영	하지만 아무리 결심이 고집스러워도, 연신 맷돌을 돌리는 말처럼 한자리에서 계속 맴돌 수는 없는 법입니다. 그래서 [MASK]는 방 안에 앉아 있는 시간이 많아졌습니다. 그저 앉아서 바라보는 것이었죠. 방 안은 무언가를 집어삼키려 입을 벌린 괴수의 입처럼 보였습니다.
지영	"나를 이토록 함부로 대하다니, 정말 가슴이 아프군요." 총구가 불안정하면서도 빠르게 [MASK]의 가슴을 향했습니다. 그녀는 그가 정신이 혼미한 와중에도 정확히 조준하고 있음을 알아차렸습니다. 아마 겁만 주려는 것일지도 모릅니다.
지영	주먹질이 오갔습니다. [MASK]는 자신의 안전을 생각하기도 전에 이미 복도를 절반쯤 내려가 있었습니다. 어쩌면 이 낯선 남자가 무슨 일을 꾸미고 있는지도 모릅니다! 하지만 집과 가게 사이의 어둠 속에서 두려움을 드러낼 장소는 없었습니다.
지영	"내가 죽은 뒤에 사람들이 당신을 함부로 대할까 봐 마음 편히 눈을 감을 수가 없구려. 나를 좀 불쌍히 여겨줘요. [MASK], 나도 이제 금이 간 그릇이라오." 질문을 던지는 해가 있는가 하면, 대답을 주는 해가 있는 법입니다.
지영	"자네가 눈물을 흘릴 때마다 내 심장에선 피가 한 대접씩 빠져나가는 것 같네. 내 숨이 끊어지기 전에 자네를 위해 뭐라도 해야겠어." [MASK]에게서 흐느끼는 신음이 터져 나왔습니다. 노파는 그녀의 손을 부드럽게 두드려주었습니다.
지영	"하지만 그런 천박한 무리들과 어울리려 하다니, 정말 실망스럽구나." 그는 입가에 묻은 국물을 닦아내고 모자를 썼습니다. "나가는 길에 문 잘 닫아라, [MASK]."
지영	"내가 너를 얼마나 아끼는지 모를 거다, [MASK]. 내가 직접 너를 낳았더라도 이보다 더 사랑하진 못했을 거야. 사실 난 너를 정말 많이 사랑한단다."
지영	"그래요, 난 벌써 마흔이고 당신은 쉰이잖아요. 왜 항상 나만 지적하고 그런 이야기는 안 하는 거죠?" "화낼 거 없네, [MASK]. 자네가 더 이상 어린 소녀가 아니라는 사실을 말했을 뿐이니까."
케이크	"당신들 같은 한심한 놈들이 들어와서 내 가게를 망쳐놓다니! 당신은 자기 부인이 짓밟히는 걸 보고만 있을 거야? 당신도 남자라고 할 수 있어? 저 찻집의 [MASK]가 나를 밀치는 거 봤잖아! 분명히 봤으면서!"
지영	"잘 가요." 그는 거의 뛰다시피 문을 나섰습니다. [MASK]는 계단 난간에 기대어 한참 동안 생각에 잠겼고, 거의 잠이 들 뻔했습니다. 하지만 침대에 눕기 전, 그녀는 자신의 입술과 눈, 그리고 머리카락을 꼼꼼히 살폈습니다.
지영	"그래서 나도 가서 보는 게 좋겠다고 생각했지." 그는 시간을 벌기 위해 그녀를 따라다녔지만 [MASK]는 아무 말도 하지 않았습니다. "내가 감자 깎아 놓을게요. 언제 돌아올 거예요?" "정확히는 몰라. 해 질 녘쯤이겠지."
지영	"내가 없는 동안 귀신이 널 잡아갈지도 몰라." "날 잡아갈 귀신 같은 건 없어요. 어쩌면 당신은 내가 당신을 제대로 대접하지 않는다고 생각해서 날 감시하는 건지도 모르겠네요." "아니야, 아니야, [MASK]. 내가 그 정도는 아니라는 거 알잖나."
지영	"이런 마을의 시장이 집에만 너무 오래 있으면 안 되지. 마을을 세워야 하니까. [MASK], 가게 일을 도와줄 사람을 구할 테니 내가 밖에서 일을 도모하는 동안 자네가 가게를 좀 봐줘."
지영	"저 늙은이가 죽고 나면 알려줘요, 바로 돌아올 테니까." 6개월 동안 검은 상복을 입었지만, 그 집의 문턱을 넘은 구혼자는 한 명도 없었습니다. [MASK]는 가게에서 이따금 수다를 떨고 웃기도 했지만, 그 이상의 관계를 원하는 것 같지는 않았습니다.
지영	"자네는 운이 좋은 거야, 덕분에 큰 인물이 되었으니까." 차가운 두려움이 그녀를 사로잡았습니다. 그녀는 세상으로부터 멀어진 듯한 고립감을 느꼈습니다. [MASK]는 곧 자신을 향한 경외와 질투의 시선이 주는 중압감을 느끼기 시작했습니다.
지영	죽은 자들을 묻어야 할 때였습니다. "[MASK], 우리가 이 지저분하고 지긋지긋한 곳에 있은 지 벌써 이틀이나 지났어요. 이제 충분해요. 우린 이 집과 이 마을을 떠나야 해요. 난 여기가 처음부터 마음에 들지 않았어요."
지영	"아무리 큰 거짓말이라도 누군가는 믿기 마련이죠!" 그들은 계속 싸웠습니다. "당신은 내 가슴에 상처를 주더니, 이제는 거짓말로 내 귀까지 더럽히는군요! 내 손 놓으세요!" [MASK]가 격렬하게 반응했습니다.
버나드	"설마 진심은 아니겠지...?" "왜 안 돼? [MASK]는 알파 플러스 등급이잖아. 게다가 그는 나보고 오지 보호구역에 같이 가자고 했어. 난 항상 그런 곳에 가보고 싶었거든."
레니나	"인공수정, 조건 형성, 그리고 수면 학습이라는 훨씬 느리지만 무한히 확실한 방법들..." 그녀는 허리에 은색 장식이 달린 벨트를 매고 있었는데, [MASK]는 불임 여성이 아니었기에 규정된 피임 기구들이 가득 들어 있었습니다.
린다	"얘들아, 이리 오렴!" 그녀가 불렀습니다. [MASK]는 불안한 듯 몸을 뒤척이다가 잠시 눈을 뜨고 멍하니 주변을 둘러보더니 다시 잠이 들었습니다. 그녀의 곁에 앉은 청년은 방금 전의 감정을 되찾으려 애썼습니다.
버나드	하위 계급들과 접촉하는 것은 [MASK]에게 항상 몹시 괴로운 경험이었습니다. 원인이 무엇이든 간에 (그의 혈액에 알코올이 섞였다는 소문은 사고라는 측면에서 사실이었을 가능성이 컸습니다)
버나드	"내가 여기가 아름답다고 한 건 단지... 발전은 아름다운 거잖아요, 안 그래요?" "13세부터 17세까지 매주 500번씩 반복했지." [MASK]가 마치 혼잣말하듯 지루하게 말했습니다. "뭐라고 하셨어요?"
버나드	"재판이라기보다는 파티 같네요." 그는 가장 고급스러운 안락의자에 몸을 던졌습니다. "기운 내요, [MASK]." 친구의 창백하고 불행해 보이는 얼굴을 보며 그가 덧붙였습니다.
버나드	결국 [MASK]는 기가 죽은 채 방으로 돌아가, 기다리고 있던 사람들에게 그가 오늘 저녁에 나타나지 않을 것이라고 알려야 했습니다. 그 소식은 큰 분노를 샀습니다. 사람들은 평판도 좋지 않은 보잘것없는 녀석에게 예의 바르게 행동한 것에 대해 몹시 화를 냈습니다.
세종	"사실, 그때부터 생각들이 바뀌기 시작했습니다. 우리의 [MASK] 님께서는 진리와 아름다움보다는 안락함과 실용에 더 큰 가중치를 두셨죠. 대량 생산을 위해선 그런 전환이 필요했습니다. 보편적인 행복이 시스템을 계속 돌아가게 하죠."
세종	"소년과 소녀가 평화 속에 하나 되니, 축제가 해방을 선사하네." 무용수들이 제례의 후렴구를 따라 불렀습니다. "축제여, [MASK]와 즐거움이여, 소녀들에게 입 맞추고..."
버나드	"네, 할 수 있습니다." [MASK]가 아주 큰 목소리로 대답했습니다. 조금 당황했지만 여전히 위엄 있게, 소장이 말했습니다. "그럼 증명해봐." "물론이죠. 하지만 그는 통로에 있습니다. 잠시만요."
버나드	"알고 있습니다." [MASK]가 그의 말을 가로막았습니다. "방금 의장님과 통화했습니다." 그의 지루한 말투는 마치 매일 높은 분과 통화하는 것이 일상인 것처럼 들렸습니다. 그는 의자에 몸을 던졌습니다.
버나드	"너무나 끔찍한 냄새가 났고, 분명히 목욕도 전혀 하지 않은 것 같았습니다. 하급 계급에서나 날 법한 고약한 냄새가 진동했죠. (아니요, [MASK]에 대한 소문은 사실이 아닙니다) 정말 알코올 냄새가 지독했습니다."
카후	"피부는 아주 매끄럽고 미끄러운 고무 같았습니다. 별생각 없이 [MASK]는 지느러미 바로 뒷부분의 고래를 쓰다듬기 시작했습니다. 나의 주군, 고래를 타는 자여. 그녀는 고래의 떨림과 피부 아래의 요동을 느꼈습니다."
카후	"그녀는 고개를 들고 고래를 부르기 시작했습니다. 바람이 그녀의 말을 낚아채 파도 거품과 함께 날려버렸습니다. [MASK]는 다시 시도했습니다. '오, 신성한 조상님이시여, 제가 갑니다.'"
요나	"당황한 나머지 그녀를 놓쳤고, 고래의 거대한 입속으로 휩쓸려 들어갔다고 생각했습니다. 그 생각에 몸서리가 쳤지만, 이내 [MASK]가 고래 뱃속에서 살아남았다는 이야기를 떠올렸습니다."
박혁거세	"그녀는 [MASK]를 올려다보았습니다. '그는 아직 준비가 안 됐어요.'라고 그녀가 말했습니다. 바다는 기대감으로 떨리는 듯했습니다. 자, 이제 시작합시다. 끝내야 할 시간입니다."
카후	"박혁거세인가? 우연히 [MASK]는 고래의 앞 지느러미를 만졌습니다. 그녀의 손가락이 그것을 꽉 잡았습니다. 살기 위해 매달린 것이죠. 그러자 고래는 환희의 물결을 느끼며 솟구쳐 올랐습니다."
이승만	"만약 [MASK]가 자기 방식대로만 했다면, 우리는 그저 노예였을 겁니다. 온 세상이 소수의 주인과 수억 명의 노예로 나뉘었겠죠. 노예로 산다는 것에 존엄이란 없다는 걸 다시 강조할 필요는 없겠지요."
성실	"갑자기 일어난 일이라 어떻게 대답해야 할지 몰랐습니다. 배려에 감사하다고 말하긴 했지만, 아마 확답은 못 했을 겁니다. 그러자 고용주가 말을 이었죠. '난 진심이네, [MASK].'"
철수	"나 혼자서는 도저히 할 수 없을 것 같아." 그는 밖으로 나갔지만, 문을 쾅 닫지는 않았습니다. 어릴 때부터 [MASK]는 해동기에 땅이 부드러워지며 다시 살아나는 그 냄새를 무척 좋아했습니다.
만섭	"얼음이 깨진다고 해도 여기는 본류가 아니야. 수심이 깊어 봐야 무릎 높이일세. 옷만 좀 젖겠지만 그럴 일도 없을 거야. 내가 약속하지." [MASK]는 직접 스케이트 날을 조이고는 아이들을 이끌고 얼음 위로 나아갔습니다.
영자	"그녀가 숲을 헤치고 마당으로 나왔을 때, 선명한 웃음소리가 들렸습니다. [MASK]와 아이가 나란히 서서 팔을 뻗고 손이 닿을 듯 말 듯 마주 보고 있었죠. 그러다 예고도 없이 두 사람은 깊은 눈 속으로 몸을 던졌습니다."
운명	"왜 항상 누구의 잘못이어야만 하죠?" "그게 세상 이치니까." "아니요. 가끔은 그냥 일어나는 일들도 있어요. [MASK]이라는 게 우리 계획이나 희망대로만 흘러가지는 않지만, 그렇다고 우리가 이렇게 화를 낼 필요는 없잖아요."
강 경사	"난 애들하고 그런 짓 안 해. 하지만 내가 아는 불량 소녀들도 목에 이빨 자국이 남을 정도로 당하고 오진 않아. 요즘 이 동네 애들 꼴을 보면 마치 [MASK]가 나타나서 물어뜯고 간 것 같다니까."
인옥	"집이 문제예요. 기회를 엿보고 있는 것 같아요." "우리가 안심할 때까지 기다렸다가 덮치려는 걸까요?" "대체 얼마나 더 기다릴 수 있을지 모르겠네요." [MASK]는 몸을 떨며 거대한 대리석 계단을 올라가기 시작했습니다.
김 비서	"난 안 해요. 그게 핵심이죠. 벌을 받는다는 건 마치 당신이 내 몸에 손을 대는 것과 같은 기분이에요." 그의 태도가 찰나의 순간에 바뀌었습니다. 장난기 가득했던 [MASK]는 사라지고, 그는 마치 뺨이라도 맞은 듯한 표정으로 나를 응시했습니다.
철수	"잠결에 겨우 눈을 떴습니다. 침대 맡에서 누군가 내 귀를 간지럽히고 있었죠. '일어나야지, 아가야.' 그가 속삭였고, 그 달콤한 목소리는 마치 따뜻한 꿀물처럼 내 혈관 속으로 퍼져나갔습니다. 바로 [MASK]였습니다."
민석	"윤활제가 필요해. 빨아봐.' 그가 나직하게 명령했습니다. 차갑고 매끄러우며 묘하게 묵직한 금속 맛이 났습니다. 낯선 물건을 핥는 동안 내 입안에는 침이 고였고, [MASK]의 시선은 한순간도 나를 놓지 않았습니다."
준호	"나는 다시 산산조각이 났고, [MASK]는 마침내 손을 놓으며 조용히 자신의 평온을 찾았습니다. 그는 숨을 몰아쉬며 내 위로 쓰러졌습니다. '기분 좋았지?' 그가 이를 악물고 물었습니다. 세상에."
석호	"그러니까, 옛 친구랑 저녁 먹은 것 때문에 나한테 화가 났다는 거군요." [MASK]는 경계심 가득한 눈빛으로 나를 돌아보더니, 내 손을 들어 올려 손가락 마디마디에 부드럽게 입을 맞추었습니다. 아니, 지금 이 상황에서 이런다고요?
강 팀장	"계획이 필요해. 나는 주방에서 우아하게 움직이는 [MASK]를 지켜보러 돌아갔습니다. '비밀 유지 계약서가 모든 걸 다 포함하나요?' 내가 조심스럽게 묻자, 그는 차를 정리하다 말고 나를 빤히 바라보았습니다. 나는 얼굴이 붉어졌습니다."
민준	"아니, 방이라도 잡지 그래요. 나는 창피해서 발끝만 쳐다보았습니다. 고개를 들어 [MASK]를 보니 그도 나를 뚫어지게 보고 있더군요. 나는 눈을 가늘게 뜨고 그를 노려보았습니다. 왜 당신은 나한테 저렇게 키스해주지 않는 거죠?"
영호	"문제는 내가 원하는 건 [MASK]이지, 그의 복잡한 과거가 아니라는 겁니다. 지금 그의 과거는 대형 화물선 몇 척분은 족히 될 정도로 무거워 보였죠. 내가 그냥 순종적으로 그 모든 걸 받아들일 수 있을까요?"
기남	"그녀가 내 손을 꽉 쥐며 물었습니다. '그 사람 이름이 뭐니?' '그의 이름은 [MASK]예요. 말도 못 하게 잘생겼고, 부유해요... 너무 부유하죠. 아주 복잡하고 변덕스러운 사람이에요.' 나의 간결하고 정확한 요약이 꽤 만족스러웠습니다."
철이	"베이컨을 굽는 동안 달걀을 휘저었습니다. 뒤를 돌아보니 [MASK]가 식탁 의자에 앉아 두 손을 모아 턱을 괸 채 나를 바라보고 있었습니다."
민수	" '[MASK], 당신은 정말 비겁하게 싸우는군요.' '알아요. 난 평생 그래왔으니까.' 내 안의 여신이 나를 다독였습니다. '너도 할 수 있어. 저 남자의 방식대로 맞서보는 거야.' 내가 할 수 있을까요? 좋아요, 어떻게 해야 하죠?"
구보	"그의 차가운 손가락이 배 위를 나른하게 훑었습니다. 피부는 예민해졌고 몸은 본능적으로 반응했습니다. [MASK]는 빠르게 움직여 부드럽게 입을 맞추고 깨물며 나를 탐닉했습니다."
석호	"자네를 보게 되어 정말 기쁘네.' 그 다정한 말과 함께 그녀는 떠났습니다. [MASK]와 합리성... 절대 양립할 수 없을 것 같았던 두 개념이 그의 이메일을 받고 나니 어쩌면 가능할지도 모른다는 생각이 들었습니다. 나는 고개를 저었습니다."
심순애	"당신 입에서 그런 뻔뻔한 말이 나오다니.' 그가 다가와 내 코끝에 입을 맞추었습니다. '이건 좀 놀라울 거야, [MASK]. 준비됐어?' 나는 눈을 크게 뜨고 바보 같은 미소를 지으며 고개를 끄덕였습니다."
철수	"나는 다시 [MASK]를 마주 보았습니다. 우리 사이는 불과 1미터 거리였습니다. 그가 다가오자 나는 본능적으로 뒤로 물러났습니다. 그가 멈춰 섰고, 그의 회색 눈동자에는 숨길 수 없는 고뇌와 갈망이 서려 있었습니다. '가지 말아요.' 그가 나직하게 속삭였습니다."
민석	"이게 제일 어려운 부분입니다. 그가 내 찻잔을 채워주었고 나는 차를 한 모금 마셨습니다. '고통을 받는 것에 대해 어떻게 생각하시나요?' [MASK]가 기대 어린 눈빛으로 물었습니다. '입술을 깨물고 있군요.' 그가 어둡게 말했습니다."
이순신	"장군의 휘하에 있는 모든 병사가 자신의 배낭 속에 승전의 비책을 품고 있다고 느끼지 않았겠습니까? 그것이 그 위대한 영웅을 만든 힘 아니었을까요? 그는 남이 찾아주는 리더가 아니라 스스로 리더를 찾아내는 사람이었습니다."
서정주	"종소리를 들으니 —아, 그래요— [MASK]의 '귀촉도'가 떠오르네요. 물론 그건 우리 정서지요. 해 저무는 날의 종소리가 하루의 끝을 알리고 있었습니다. 교회는 보이지 않았지만 어디선가 통행금지를 알리는 종이 울리고 있었습니다."
공자	"남자들이란 다 똑같아, 짐승들이지.' 돋보기안경을 쓴 노인이 맞받아쳤습니다. '여자에게도 함부로 이혼을 허락해서는 안 돼. 그러면 천하가 어지러워지는 법이야. 천하의 질서는 각 가정에서 시작되는 거라고 [MASK]께서 말씀하셨네.'"
춘향	"내 평생 그토록 헌신적인 사랑을 받아본 적이 없었습니다. 마치 [MASK] 이야기 속의 아내가 변덕스러운 남편을 사랑했듯이 말이죠. 하지만 그 지독한 사랑에도 불구하고, 나는 말했듯이 결혼할 준비가 되지 않았습니다."
영자	"나는 아무 말도 하지 않았습니다. '[MASK]가 네 혀라도 가져갔니?' 그녀가 웃으며 말했습니다. '어머니는 항상 네 혀를 갖고 싶어 하셨지.' 나는 그녀를 피해 지나가는 차들을 바라보았습니다. 그녀는 건물 벽 쪽에, 나는 보도 쪽에 서 있었습니다."
남진	"그는 아마 그 시절 유행하던 트렌치코트를 입고 있었을 겁니다. 내가 외부인이었다면 나도 비웃었을지도 모르죠. 나는 그저 내 목소리에 당혹감이 묻어나지 않게 애쓰며 서 있었습니다. 나는 '[MASK]'를 노래했습니다."
나훈아	"하지만 어떤 다큐멘터리에서는 '가왕'이 자신의 창법이 흑인 음악의 영향을 받았다고 말하는 장면이 나옵니다. 물론 사람들은 [MASK]를 언급할 때마다 그 뿌리가 된 사람들을 매번 언급하지는 않지요."
김소월	"내 말은, 시인 말이에요. 아니, [MASK] 말고. 그는 남자가 무엇을 원하는지, 그리고 남자가 생각하는 여자의 마음이 무엇인지 정확히 알아요. 악녀를 묘사하는 데 탁월하지만, 그조차도 남자가 생각하는 악녀의 모습일 뿐이죠."
철수	"좋아, 대체 여기서 무슨 일이 일어나고 있는 거야?' [MASK]는 즉시 정신을 차렸습니다. 믿기지 않는 행운이었습니다. 드디어 함께 계획을 세울 수 있는 누군가를 만난 것이죠. 그저 누군가가 아니라, 이 은하계에서 가장 충성스러운 친구였습니다."
선화	"그녀는 강아지처럼 겁먹은 기색을 보이는 그 생명체로부터 멀어지려 했고, 그것은 안전하다는 신호로 받아들여졌는지 그녀를 따라 잔해 속으로 들어왔습니다. [MASK]는 땅에 떨어진 레이저 권총을 집어 들었습니다. 그것이 그에게 남은 유일한 물건이었습니다."
길동	"[MASK]는 아버지의 잘려 나간 기계 손을 뚫어지게 쳐다보았습니다. 그리고 검은 장갑을 낀 자신의 의수를 번갈아 보며, 자신이 그토록 증오했던 아버지와 얼마나 닮아버렸는지 문득 깨달았습니다."
길동	"그녀의 두 번째 사격으로 첫 번째 포탑이 날아갔습니다. 폭발의 진동이 거대한 함선을 뒤흔들었고, [MASK]를 에워싸고 있던 다섯 명의 경비병들의 시선을 분산시켰습니다. 그 찰나에 그가 손을 뻗자 3미터 밖에 떨어져 있던 광선검이 손안으로 날아왔습니다."
안보	"그의 전문 분야는 제국 방어 체계였습니다. 그는 지느러미를 들어 [MASK]에서 방출되는 홀로그램 모델을 가리켰습니다. '비록 미완성이지만, 이 기지는 결코 방어 능력이 없는 게 아닙니다.' 그는 차분한 목소리로 설명했습니다."
로마서	"그는 성경을 집어 들고 [MASK] 12장을 읽기 시작했습니다. 그것이 사람들의 취향에 더 맞았기 때문이죠. '형제를 사랑하여 서로 우애하고 존경하기를 서로 먼저 하며... 소망 중에 즐거워하며 환난 중에 참으며 기도에 항상 힘쓰며.'"
사탄	"어릴 때 기도는 지겹도록 했습니다. 이제 나는 더 큰 교리를 말하려 합니다. 우리는 본래 진노의 자녀이며 [MASK]의 노예이고, 이 세상과 다가올 세상의 모든 형벌을 마땅히 받아야 할 존재들입니다."
춘자	"[MASK]는 그들을 따로 불러냈습니다. 그녀의 얼굴은 무표정하면서도 단호했습니다. 대장간 형제들은 그녀가 하는 말을 들을 수 있었습니다. '저 두 놈은 아주 지독한 놈들이야. 자칫하면 목숨이 위험해. 그러니 지금 당장 숲으로 가서 몇 시간 동안 숨어있어.'"
재벌	"난 이 요리들이 그렇게 대단한지 모르겠어. 그냥 김치찌개나 시킬 걸 그랬나 봐.' '당신이 싫어해도 수많은 사람이 좋아해요. 대통령이나 높은 분들도 즐겨 찾는 메뉴라고요!'"
성모	" '은총이 가득하신 [MASK], 기뻐하소서. 주님께서 함께 계시니.' 그녀는 곁에서 잠든 남편이 깨지 않도록 아주 나직하게 반복해서 읊조렸습니다. 하지만 그녀는 그 간단한 기도문조차 끝맺지 못했습니다."
길동	" [MASK]가 계부를 그렇게 따르다니 다행이지 않나요? 보통은 그러기 쉽지 않은데 말이죠. 그리고 그의 어머니가 재혼해서 저렇게 행복해하시는 걸 보니 참 보기 좋네요."
김 대령	"교활하고 믿을 수 없는 자들이라 그들의 속마음을 읽기가 쉽지 않았습니다. '내 입으로 말하기는 쑥스럽군요, [MASK]. 과장님이 좀 더 객관적으로 말씀해주실 겁니다.' 과장님은 헛기침을 하더니 무미건조한 목소리로 말했습니다."
해리	"나는 아치형 통로를 지나 멈춰 서서 입을 딱 벌렸습니다. [MASK]의 테마곡을 들었을 때만 해도, 공구함에나 들어있을 법한 망치를 휘두르는 남자를 막아야 할 줄 알았거든요. 하지만 그가 가진 건 그런 게 아니었습니다."
철수	"그녀는 어둠 속에 홀로 남겨졌습니다. 무너지는 소리와 [MASK]의 묵직한 무게감만이 느껴졌죠. 그녀는 그를 놓고 싶지 않았습니다. 그의 얼굴이 이 지저분한 바닥에 닿게 하고 싶지 않았습니다."
바로	"아버지는 지금 [MASK]의 군대와 재앙에 대해 설교 중이세요. 다들 무사합니다.' 나는 무릎을 굽히고 앉아 개미들이 흩어지는 모습을 지켜보았습니다. 내 맨발은 붉은빛에서 하얀빛으로 천천히 변해갔습니다."
노아	"그 조합이 나타날 확률은 7분의 1입니다. 평균적으로 1년에 7번 정도 발생하죠. [MASK]가 방주에서 견뎌냈던 시간보다 약간 더 긴 간격을 두고 말입니다. 이 이례적인 사건이 우리 이웃들에게 특별한 의미가 있었을까요?"
신목	"그는 고개를 뒤로 젖히고 하늘을 향해 외쳤습니다. 그의 어린 양들은 의아한 표정으로 몸을 긁으며 앉아 있었죠. [MASK]는 소중하고 귀한 것을 뜻합니다. 하지만 그의 발음으로는 독이 든 나무를 의미했습니다."
만수	"관리인은 직원들을 끔찍이 아낍니다. 그게 이득이라는 걸 알기 때문이죠. 배움은 언제나 남는 법입니다, 그렇지 않습니까?' '네,' [MASK]는 멍한 표정으로 대답했습니다. '예를 들어, 당신은 이 호텔에 대해 아주 큰 관심을 보이시는군요.'"
만수	"그는 조심해야 했습니다. '레드럼'이라 불리는 것을 경계해야 했죠. 하지만 정말 필요한 상황이 아니면 입을 열지 않을 것입니다. 그들은 행복했고, 웃고 있었으며, 나쁜 생각은 전혀 없었으니까요. '이 전망 좀 봐요.' [MASK]가 말했습니다."
만수	"아주 오래전부터 내 머릿속에 있었던 것 같아요.' 엘리베이터가 다시 멈췄습니다. 호텔은 정적에 휩싸인 채 비어 있었습니다. 밖에서는 밤의 어둠 속에서 처마 끝을 스치는 바람 소리만이 들려왔습니다. '어쩌면 우리 둘 다 미친 걸지도 몰라요.' [MASK]가 말했습니다."
호기심	"그는 아버지의 말을 어기고 다시 마스터키를 가져온 것이 두려웠습니다. 하지만 그는 이곳에 오고 싶었습니다. [MASK]가 결국 화를 부른다는 말도 있지만, 그에게 호기심은 뇌리에 박힌 낚싯바늘처럼 끊임없이 그를 자극하는 사이렌의 노래와도 같았습니다."
구보	자리에서 일어나며 [MASK]가 말했습니다. "무슨 일이냐, 녀석아? 왜 그렇게 꼬리를 흔들며 소란이야?" 진돗개는 뒷발로 서서 앞발을 서가에 올리더니, 꽂혀 있는 책들의 책등을 훑으며 냄새를 맡았습니다.
드라큘라	나는 이미 여러 번 보았던 그 작은 하얀 흉터를 다시 확인했습니다. "내 직감은 [MASK]가 나를 잊지 않았으며, 조만간 다시 나를 찾아낼 것임을 말해주고 있었죠. 나는 주머니에 마늘을 채우고 마음에는 용기를 채웠습니다."
샤	"체크메이트, 바둑으로 치면 외통수죠. [MASK]는 우리말로 왕이라는 뜻입니다. 군주들의 전쟁인 셈이죠." 나는 두 남자가 대국을 시작하는 것을 지켜보았습니다. 투박한 손가락으로 첫 번째 돌을 고르는 그들 사이로 농담이 오갔습니다. 아마 오랜 벗인 모양입니다.
드라큘라	내 몸의 끝동까지 피가 차갑게 식는 기분이었습니다. "이 책은 다른 책들과 달랐어요. 가운데에 용이 그려져 있고 '드라큘라'라는 단어가 적힌 아주 오래된 빈 책이었죠. 전에는 [MASK]에 대해 들어본 적이 없었지만, 그 그림은 기묘하고도 강렬했습니다."
데이지	"아니요, 나머지도 다 말할게요." [MASK]는 몸을 뻣뻣하게 세우고 버티며 말했습니다. "그에게서 도망친 이후로 줄곧 그의 편지에 답장하기를 거절해왔어요. 나중엔 읽지도 않았죠. 재산을 다 날린 것도 아마 그 때문일 거예요."
데이지	[MASK]는 대화를 시도하려는 기색도 없이, 그저 방 안을 한가로이 둘러보며 아주 편안해 보였습니다. 그녀는 왜 여느 품위 있는 여자들처럼 조잘거리거나 교태를 부리며 그가 자기 자신에 대해 이야기하게끔 유도하지 않는 걸까요?
마리아마	"친척들이 그녀의 소식을 전해줍니다." 한국의 혼인 풍습이 궁금해진 나는 물었습니다. "아직도 한 남자가 여러 아내를 두는 게 흔한 일인가요?" "[MASK]가 말했습니다. "드문 일은 아니지요."
박 중사	"내가 다시 내려올 때까지 가까이 있게. 무기를 들어야 할지도 모르니까." "무기요?" [MASK]가 말했습니다. "그런 건 질색입니다. 난 빼주세요. 사령부가 발포하기 시작하면 생각이 바뀔걸요."
박 중사	[MASK]가 아는 것이라곤, 지난 3년 반 동안 겪은 고초는 앞으로 닥칠 일에 비하면 공원 산책 수준에 불과하다는 사실뿐이었습니다. 돌아오는 차 안에서 그는 내내 가족과 대원들을 위해 묵묵히 기도했습니다.
미카엘	'우리 장군님이 당신네 장군보다 뛰어나다'라고 그는 생각했습니다. 게임 끝이죠. 그 생각에 그는 미소를 지었습니다. 천사 [MASK]가 나타나서 저들을 쓰러뜨릴 텐데, 지금 자신을 붙잡고 있는 사람들을 왜 걱정하겠습니까?
포르투갈	아버지의 이야기는 팔이 잘리고 의식을 잃는 대목에서 끝났습니다. 그는 씁쓸하게 웃으며 파이프를 나에게 가리켰습니다. "내 아들아, 이 나라는 북쪽에서는 강대국들에, 서쪽에서는 [MASK]에게 포위당해 있단다."
요한복음	그녀는 고개를 들지 않았지만 태도는 변해 있었습니다. 한결 편안해 보였죠. "[MASK] 14장은 참 좋은 구절이에요. '너희는 마음에 근심하지 말라'고 하셨죠." 그녀는 탁자 위의 펜을 집어 들었습니다.
요한	"자네라면 어떻게 했겠나?" [MASK]가 말했습니다. "기우제라도 지냈을 건가? 목사님들께 기도를 부탁하거나 산에서 내려온 사람들에게 구름을 부르는 춤이라도 추게 했을 건가?" "상황이 이 정도로 나빠질 필요는 없다고 생각해요." 내가 말했습니다.
모세	"저건 갈대 바구니 속의 [MASK]예요." "내가 떠나는 게 서운하지 않니?" 그녀가 그의 얼굴을 올려다보며 애처롭게 물었습니다. 하지만 짙은 눈썹 아래 그의 표정은 읽을 수가 없었습니다. 그는 아무런 감정도 드러내지 않았습니다.
새들	"아마 내가 자네와 함께 길을 내려가 줄 수 있을 걸세." 그들은 토끼들이 뜯어먹어 황량해진 목초지를 내려갔습니다. 숲에서는 [MASK]들이 저녁의 승리를 노래하듯 지저귀고 있었습니다. 한 사내가 마지막 암소들을 불러 모으고 있었고, 소들은 길들여진 목초지를 따라 느릿느릿 움직였습니다.
스카우트	"그 사람한테 손대지 마!" 나는 그 남자를 세게 걷어찼습니다. 맨발이었는데도 그가 고통스러워하며 뒤로 물러나는 걸 보니 놀라웠습니다. 정강이를 차려던 게 너무 높이 올라갔나 봅니다. "그만하면 됐다. [MASK]."
앵무새	"네 아버지가 옳다." 그녀가 말했습니다. "[MASK]들은 오직 우리를 즐겁게 하기 위해 노래를 부를 뿐이지. 남의 채소밭을 망치지도 않고, 곡간에 둥지를 틀지도 않아. 그저 온 마음을 다해 노래를 불러줄 뿐이란다."
애티커스	"네가 학교에 가야 한다는 사실을 인정한다면, 우리는 예전처럼 매일 밤 함께 책을 읽을 거야. 약속하겠니?" "네, 아버지!" [MASK]는 내가 침을 뱉어 약속을 확인하려는 걸 보고, 굳이 그런 절차 없이도 약속은 성립된 걸로 치겠다고 말했습니다.
히틀러	"어쨌든, [MASK]가 혼혈인들을 모두 잡아들이는 프로그램을 시작했대요. 혹시라도 문제를 일으킬까 봐 명단에 등록하려는 거죠. 전 이게 나쁜 일이라고 생각해요. 이게 제 오늘의 시사 뉴스 발표 주제입니다."
젬	"추악하지만 그게 세상의 현실이란다." [MASK]가 단호하게 말했습니다. 그는 무릎을 가볍게 쳤습니다. "그런 증거만으로 사람에게 유죄 판결을 내릴 수는 없어요. 절대로요."
젬	아버지가 총을 싫어하고 전쟁터에도 가본 적이 없지만, 세상에서 가장 용감한 사람이라고 생각될 때가 바로 이런 순간이었습니다. [MASK]의 열두 번째 생일 다음 날, 그는 용돈을 쓰고 싶어 안달이 났고 우리는 이른 오후에 시내로 향했습니다.
탐	그는 점잖은 사람처럼 보였고, 그런 사람이 남의 집 마당에 제 발로 들어갈 리가 없었습니다. "[MASK] 씨, 작년 11월 21일 저녁에 당신에게 무슨 일이 있었습니까?"
애티커스	"어떻게 할까요? 그를 고소할까요?" "누군가 당신을 해치겠다고 말할 때, 그건 진심처럼 들려요." [MASK]가 말했습니다. "그는 그 말을 뱉을 당시에는 진심이었을 게다."
애티커스	그들은 1급 살인 혐의에 대해 끝까지 무죄를 주장했습니다. 그래서 [MASK]가 의뢰인들을 위해 할 수 있는 일이라곤 그들의 마지막 길을 지켜주는 것뿐이었습니다. 아마 그때부터 아버지는 형사 재판 업무에 깊은 염증을 느끼셨던 것 같습니다.
스카우트	사람이 다 똑같은 사람이라면 왜 서로 어울리지 못할까요? 다 비슷비슷하다면 왜 굳이 서로를 경멸하지 못해 안달일까요? "[MASK], 이제 뭔가를 조금 알 것 같아요."
애티커스	[MASK]의 손가락이 시계 주머니로 향했습니다. "아니, 그렇지 않아." 그가 우리보다 자기 자신에게 말하듯 중얼거렸습니다. "그게 바로 희망의 시작일지도 모른다고 생각하게 만든 단 한 가지였단다. 배심원들이 결론을 내기까지 몇 시간이나 걸렸거든."
애티커스	"진정해라, 아들아." [MASK]가 말하곤 했습니다. "그분은 노인이고 몸이 편치 않으시잖니. 그저 고개를 높이 들고 신사답게 행동해라. 그분이 네게 무슨 말을 하든 화를 내지 않는 게 네가 할 일이란다."
애티커스	사람들이 소수자들을 괴롭히는 것에 대해 울고 있지만, 그들도 똑같은 사람이라는 사실은 생각조차 하지 않아요. "[MASK]는 소수자를 속이는 것이 다른 사람을 속이는 것보다 열 배는 더 나쁜 일이라고 말씀하셨어요." 내가 중얼거렸습니다.
부	나는 그를 다시는 보지 못했습니다. 이웃들은 상이 나면 음식을 가져오고 병이 나면 꽃을 가져오며 소소한 정을 나눕니다. [MASK]는 우리의 이웃이었습니다. 그는 우리에게 비누 인형 두 개와 고장 난 시계, 행운의 동전, 그리고 우리의 생명을 주었습니다.
메리	"그 양털은 눈처럼 하얬네!" "4단은 4, 8, 12..." "그리고 [MASK]가 가는 곳마다 그 양도 꼭 따라갔지!" "7단은 7, 14, 21..."
아인슈타인	"E = mc²이 뭐야?" "[MASK]의 방정식이야." "E는 뭘 뜻해?" "에너지." "m은?" "질량." "c²은?" "빛의 속도의 제곱."
메그	"그들에게서 미덕이 사라졌어. 내가 이번에 네게 주는 것은 한 단어 한 단어가 아니라, 4차원 이동을 이해하듯 한순간에 깨달아야 해. 들어라, [MASK]. 잘 들어야 한다."
메그	"하지만 전 참을성이 없단 말이에요!" [MASK]가 격렬하게 소리쳤습니다. "전 단 한 번도 참을성 있었던 적이 없어요!" 아주머니의 안경이 그녀를 향해 부드럽게 빛났습니다. "아버지를 돕고 싶다면 인내심부터 배워야 해."
미켈란젤로	시스티나 성당이 일반에 공개된 것은 처음이었고, 그녀는 관람객을 수평으로 이동시켜주는 새로운 리프트 위에서 천장화를 살피고 있었습니다. 덕분에 [MASK]가 그림을 그릴 때 보았던 것과 똑같은 각도에서 벽화를 볼 수 있었습니다.
가이	"냄새가 나요." 그녀가 말했습니다. "거기엔 탄니스 뿌리라는 게 들어있거든요." 그녀가 손을 내밀었습니다. "그 유명한 온실에서 가져온 거예요." [MASK]는 냄새를 맡고 어깨를 읔쓱했습니다. "나쁘지 않네." 그가 말했습니다.
캐롤	"아이들 다 재우고 나면 우리 집에 와서 커피나 한잔하는 거 어때요?" "고마워요, 그러고 싶네요." [MASK]가 말했습니다. "하지만 거실 바닥에 왁스칠을 해야 해서요."
조안나	[MASK]는 그녀를 지켜보며 고개를 저었습니다. '이 동네 아내들은 멈추는 법이 없군' 그녀는 생각했습니다. 마치 시의 첫 구절처럼 들렸습니다. '멈추지 않는 아내들, 평생을 로봇처럼 일하며 살아가네.'
조안나	마치 광고 속 여배우 같았습니다. [MASK]는 문득 그런 기분을 느꼈습니다. 이 동네 아내들은 모두 세제와 바닥 왁스, 샴푸와 탈치제 광고에 나오는, 늘 만족스러운 미소를 짓는 여배우들 같았습니다.
엘머	"[MASK]는 일단 입을 열면 타고난 설교가야. 내가 그렇게 만들 수 있어! 주여, 당신의 길은 참으로 오묘하시나이다! 당신은 우리 형제를 기도가 아니라 올림픽 경기장의 치열한 투쟁 속에서 단련시키기로 택하셨군요!"
목사님	그는 몸집이 꽤 있었지만 여전히 발걸음이 가벼웠습니다. 상대의 허리를 감싸 쥔 그의 손길에는 활력이 넘쳤습니다. "세상에, [MASK], 당신이 목사가 안 됐다면 아마 훌륭한 무용수가 됐을 거예요!"
찰리	그는 그녀와 색소폰 연주자가 서로를 뚫어지게 바라보고 있었다는 사실을 전혀 몰랐습니다. 하지만 [MASK]는 워낙 착한 아이라, 술을 마시지 않았을 때조차 주변에서 무슨 일이 일어나는지 잘 눈치채지 못했습니다.
도로시	하지만 [MASK]의 가난함은 고지서 걱정을 하지 않는 데서 오는 것 같았습니다. 그녀는 평소처럼 호텔 로비에서 시간을 보내며 엘리베이터 안내원과 점점 더 친해졌습니다.
마담	"그는 큰길에서 그녀를 따라잡을 거예요. 만약 옆집의 수다쟁이 [MASK]가 뭔가를 보려고 지켜보고 있었다면—그 여자는 입이 가벼운 만큼 눈도 예리하니까요—실망하게 될 거예요."
임당	취객은 무시해. 유치장에는 가지 말고, 외국인들이나 [MASK]는 피해. 그녀는 어떻게 그런 규칙들을 배웠을까요? 마치 태어날 때부터 알고 있었던 것 같았습니다. 그녀는 그에게 관심이 있는지, 25달러 정도의 가치가 있는지 물었습니다.
발자크	그는 2년 동안 옷값이 밀려 있었고, [MASK]의 '인간 희극' 전집과 '아라비안나이트' 한정판, 그리고 영업사원에게 산 타자기와 카메라 대금이 연체된 상태였습니다.
존슨	옷감은 땀 냄새와 더불어 아기 살결 사이에 뭉쳐 있는 [MASK] 베이비 파우더의 냄새를 흡수하여 퀴퀴한 냄새가 나기 시작했습니다. 옷을 벗기고 몸을 닦아준 뒤, 잘 말리고 오일을 발라 새 파우더를 뿌려줘야 했습니다.
수잔	—[MASK] 손탁. 거실의 고풍스러운 찬장 위에는 신성한 물건들이 놓여 있었습니다. 촛대에 꽂힌 촛불 하나와 그 옆 접시에 담긴, 갓 수확한 잘 익은 옥수수 한 알이었습니다.
아리아	[MASK]는 나무 칼을 벨트에 꽂고 기어오르기 시작했습니다. 상자들을 딛고 뛰어올라 마침내 창틀을 잡았습니다. 벽은 1미터 두께였고, 창문은 밖을 향해 비스듬히 뚫린 터널 같았습니다.
아리아	하지만 그 길은 경비대 병영을 바로 지나쳐야 했습니다. 그쪽으로는 갈 수 없었죠. [MASK]는 다른 길을 생각해내려 애썼습니다. 성 반대편으로 건너가서 강둑 담벼락을 따라 몰래 기어간 다음 작은 숲을 통과한다면...
캐틀린	"그분이 당신 부하의 상처를 봐주실 걸세." [MASK]는 사제의 기도보다 의술의 힘을 더 믿었습니다. 그녀가 그 말을 하려는 찰나, 앞쪽에 성벽이 나타났습니다. 양쪽 산맥의 암반을 그대로 깎아 만든 긴 흉벽이었습니다.
준호	그는 거대한 빙벽의 무게가 자신을 짓누르는 것을 느꼈습니다. 마치 금방이라도 무너질 것만 같았고, [MASK]는 본능적으로 깨달았습니다. 저 벽이 무너지면 세상도 함께 무너질 것이라는 사실을요. "저 너머에 무엇이 있을지 궁금하지 않나?" 익숙한 목소리가 들렸습니다.
이 대감	"숲속에는 굶주린 늑대들과 집채만 한 곰들이 살고 있고, 내 꿈속에서는 그보다 더 검은 형체들을 보았소." "꿈속이라니요," [MASK]가 되물었습니다. 그는 독한 술이 간절해졌습니다.
길룡	[MASK]는 황금 갑옷 위에 호위무사의 흰 망토를 걸치고 있었습니다. 나는 여전히 그의 모습이 선합니다. 심지어 그의 검조차 금빛이었죠. 그는 사자 머리 형상의 투구를 쓴 채, 부하들 위로 높이 솟은 옥좌에 앉아 있었습니다.
사부	"두려움은 칼보다 깊게 베는 법이다." 그녀가 소리 내어 말했습니다. 하지만 일급 무사인 척해봐야 소용없었습니다. [MASK]는 진정한 고수였지만 이미 목숨을 잃었을 것이고, 그녀는 그저 나무 막대기 하나를 든 채 겁에 질린 어린 소녀일 뿐이었으니까요.
성삼	작고 멀리서 들려오는 자신의 목소리가 들렸습니다. 그러자 아버지의 목소리가 답했습니다. "그것만이 사람이 용감해질 수 있는 유일한 순간이란다." 자, [MASK], 까마귀가 재촉했습니다. 선택해라. 날아오르든가, 죽든가.
정 선비	[MASK]가 그녀를 바라보는 눈빛에는 고뇌가 서려 있었습니다. "그 아이를 한양으로 데려갈 수는 없네. 궁궐에는 그 아이가 설 자리가 없을 거야. 서출이라는 꼬리표가 붙은 아이를 사람들이 어떻게 대할지 자네도 알지 않나. 평생을 소외당하며 살게 될 거야."
철수	"밤마다 울부짖는 소리가 들려요. 쫓아내도 다시 돌아오죠. 훈장님 말씀으론 소음을 막으려고 창문을 닫았더니 [MASK]가 약해지는 것 같았대요. 다시 창문을 열자 심장 소리가 강해졌고요." 대비가 몸을 떨었습니다.
선화	"하지만 난 할 수 있어." 그는 칼끝을 [MASK]의 가슴에 대고 복부를 따라 천천히 내렸습니다. "난 내가 얻으러 온 것을 원해." 그가 말했습니다. "그가 약속한 그 자리를 원한다고."
늑대	왼손은 서툴고 불편했지만, 그럼에도 검은 마치 스스로 의지를 가진 것처럼 공기를 가르며 매끄럽게 움직였습니다. "[MASK]에게도 곰 못지않은 발톱이 있는 법이지."
길동	왕은 서명 위에 피를 묻히며 힘없이 이름을 적었습니다. "이 서명에는 증인이 필요합니다." "내 장례식 잔치에 멧돼지 요리를 올리게," [MASK]가 쉰 목소리로 말했습니다. "입에는 사과를 물리고 껍질은 바삭하게 구워서 말이야. 그놈을 다 먹어치워 버려."
얼음	사방에 눈이 한 자 넘게 쌓였습니다. 하루 동안 따뜻한 기운이 돌아 눈이 좀 녹는가 싶더니 다시 혹한이 찾아왔습니다. 나무에 맺힌 얼음은 두 손가락 두께나 되었습니다. 아침이 되니 수통 속의 [MASK]이 꽁꽁 얼어붙어 있었습니다.
민수	그녀는 바닥에 못 박힌 듯 서 있었지만, 조카 중 한 명이 방을 가로질러 걸어왔습니다. 그는 통통한 얼굴에 흰 셔츠, 파란색 재킷, 가슴 포켓에 붉은 손수건을 꽂은 전형적인 부잣집 대학생 같은 모습이었습니다. —[MASK], 그가 불렀습니다.
베토벤	아니면, 내가 웃는 걸 봐요. 그는 9번 교향곡을 쓰고 난 뒤의 [MASK]가 된 기분이라고 했습니다. 시골길을 산책하고 있으면 갑자기 악보들이 바람에 날아가는 것 같았죠. 그는 의자에 붙박인 채 자신의 타자기를 응시했습니다.
영자	그녀가 울고 있을 때 그들은 아무도 신경 쓰지 않았습니다. 도움을 청할 생각조차 못 했죠. 그 집안에서 스스로 싸우지 못하는 사람은 누구의 도움이나 동정도 받지 못했고, 그건 여자애들도 마찬가지였습니다. [MASK]는 그 사실을 잘 알고 있었습니다.
영자	"자, 얘들아, 우리가 영광스러운 자리에 있지 않니? 우리 학교에 또 다른 집안 아이가 왔는데, 자기 이름을 알리고 싶어서 안달이 났구나!" 그녀가 [MASK]를 돌아보며 말했습니다. "내가 말할 때는 일어나라, 이 무지한 아이야! 그리고 손바닥 내밀어."
하늘	"이제 기도를 합시다. 내 남은 생애 동안 내 기도에 장미를 더하겠소. 우리 [MASK]께서는 우리가 영원한 삶으로 나아가는 과정에서 많은 슬픔과 고통을 주시지요. 우리는 그것을 견디는 법을 배워야 합니다. 나도 당신만큼이나 노력하고 있소."
기남	"차 한잔할까요? 좋은 생각이에요." 남자들이 함께 방으로 들어왔고, 그건 견디기 힘든 시간이었습니다. 그들은 여전히 그를 용서하지 않았으니까요. [MASK]는 그 이유를 알았습니다. 그가 어머니에게 상처를 주었기 때문이었죠.
선화	그는 대청마루에 서서 저 멀리 큰 집을 바라보는 [MASK]를 지켜보았습니다. "당신 딸은 정말 예쁘군요. 난 붉은빛이 도는 머리카락을 참 좋아합니다. 화가들이 봤다면 당장 붓을 들고 달려왔을 거예요."
만섭	[MASK]가 말했습니다. "기분 나쁠 건 없네." 하지만 그의 턱 근육은 팽팽하게 굳어 있었습니다. "그리고 그는 다른 배를 한 척 더 사려고 협상 중이야." 두 남자는 놀란 기색으로 시선을 교환했습니다. 체구가 작은 남자가 웃으며 말했습니다. "인정해야겠군, 그 친구 배짱 하나는 두둑해."
지영	"잘 맞았으면 좋겠네요." 그녀가 말했습니다. "당신이 나랑 사이즈만 같았어도 이 옷들을 다 줬을 텐데. 난 거의 [MASK]의 비밀 브랜드 매니아거든요." "설마 안 입으시는 건 아니죠?"
팔도	그녀는 결국 한국인이었고, [MASK] 사람들은 많은 이들에게 차갑고 자존심 센 사람들로 비쳤습니다. 그녀는 한국인이라는 게 자랑스러웠지만, 자신의 동포들이 자신을 다가가기 어려운 사람으로 오해하는 것만큼은 원치 않았습니다.
단군	[MASK]가 비록 부족의 우두머리였지만, 그는 모든 부족의 왕으로 추앙받았습니다. 심지어 타지에 사는 사람들조차 그에게 충성을 맹세했죠. 그가 예언에 관심을 보이자 많은 사람이 그를 따르기 시작했습니다.
유대인	"이 녹슨 칼과 피 묻은 도구들을 보시오. 그리고 당신과 당신의 [MASK] 무리가 죄 없는 아이를 해치는 데 이 도구들을 쓰지 않았다고 부정해 보란 말이오!" 그는 억지로 그 도구들을 응시했습니다.
신사	그가 우리를 떠났다고는 말할 수 없습니다. 그 정체 모를 [MASK]에 대한 그의 집착은 여전했으니까요. 우린 늘 말하곤 했습니다. "대체 그 남자의 정체가 뭐였을까?" 결국 우린 아무 단서도 찾지 못했습니다. 평범한 영국인이라는 사실 외에는 말이죠.
팔도	"그게 맞는 것 같아요." 그녀가 말했습니다. "가끔 향후 50년은 우리 지역의 자존심을 회복하기 위한 긴 투쟁처럼 느껴지거든요. 우리 지역 사람들만으로는 그 일을 해내기에 힘이 부족하니까요."
모세	결과적으로 그 경전은 인류가 평생을 공부해도 다 알 수 없는 지혜의 원천이 될 것입니다. [MASK]처럼 백스무 살까지 산다고 해도 매번 새로운 깨달음을 얻게 될 테니까요.
모세	나는 특히 이 가르침에 깊이 공감합니다. [MASK]께서 분명 나를 염두에 두고 하신 말씀일 거예요. "관리들은 백성들에게 고하여 이르기를, 두려워서 마음이 허약한 자가 있느냐? 그는 집으로 돌아갈지니..."
사탄	세상이 내 영혼을 위협하고 지옥의 화살이 날아와도, 나는 [MASK]의 분노를 비웃으며 험한 세상을 마주할 수 있습니다. 근심이 홍수처럼 밀려오고 슬픔의 폭풍이 쳐도, 오직 내 마음의 안식처, 내 하나님, 나의 전부이신 그분께 닿을 수만 있다면.
장영실	[MASK]는 내게 독신으로 살기로 했다고 말했습니다. 사랑은 일반 사람이나 예술가들에게는 좋을지 몰라도, 발명에 모든 열정을 쏟아야 하는 자신 같은 사람에게는 어울리지 않는다고 하더군요.
코끼리	사건의 주인공인 [MASK]는 강제 노동과 학대에 시달리던 불행한 동물원이었습니다. 결국 세 명의 사육사를 해쳤는데, 마지막 희생자는 그녀에게 타오르는 담배를 먹이려 했던 사람이었습니다.
선화	인생이 기대와 다르다고 해서 주저앉아 우는 사람은 나약한 사람입니다. 어째서 당신을 위해 일해줄 수완 좋은 [MASK]를 찾지 않는 거죠? 세상에는 그런 사람들이 널려 있는데 말이에요.
선화	"여자들은 자신을 묶고 있는 사슬을 얼마나 소중히 여기는지 몰라요! 당신은 타국의 관습이 야만적이라고 생각하겠지만, 조국이 당신을 필요로 하지 않았다면 오늘 밤 여기 나올 용기가 있었을까요?" 이런 논쟁은 [MASK]에게 언제나 혼란스러웠습니다.
영자	"난 예쁜 옷들을 가질 거예요. 그것도 전부 실크로 된 것들로만요—" "전부 다?" "전부 다요." 그녀는 그의 비아냥에도 아랑곳하지 않고 단호하게 말했습니다. "난 일본 놈들이 결코 [MASK]를 내게서 뺏어가지 못할 만큼 돈을 많이 벌 거예요."
선화	가면은 사라졌습니다. "그런 말 하지 말아요, [MASK]! 그러면 안 돼요. 진심이 아니잖아요. 나중에 그 말을 한 걸 후회하게 될 거고, 그걸 들은 나를 미워하게 될 거예요!" 그녀는 고개를 돌렸습니다.
선화	"모르겠어요. 하지만 너무 겁먹지 말아요, [MASK]. 새로 부임한 도지사는 제 친한 친구니까요. 다만 지금은 시국이 너무 불안해서 부동산에 내 돈을 묶어두고 싶지 않을 뿐이에요."
선화	[MASK]는 계단 중간에 서서 난간 너머로 아래층 홀을 조심스럽게 살폈습니다. 텅 비어 있었죠. 위층 방들에서는 낮게 웅얼거리는 목소리들이 들려왔고, 이따금 "설마, 정말이야!" 하는 웃음 섞인 소리가 흘러나왔습니다.
선화	"정중하지만 단호하게 말하세요. 당신의 집에서 그런 불충한 이야기를 하는 건 환영받지 못한다고요." 이때쯤 [MASK]는 낯선 손길이 닿은 말처럼 잔뜩 날이 서 있었습니다. 하지만 그녀는 차마 입을 열지 못했습니다.
옥분	"우유." "엉망이네." [MASK]는 자신의 배를 내려다보며 만졌습니다. 아기는 죽었습니다. 밤사이에 죽은 건 아니었지만, 어쨌든 아기는 떠났습니다. 상황이 이렇다면 이제 멈출 수 없었습니다.
옥분	길은 팔꿈치처럼 굽어 있었고, 그곳에 다다르자 가수들의 노랫소리가 들려왔습니다. 여인들이 집 앞에 모였을 때, [MASK]는 얼음덩어리를 깨고 있었습니다. 그녀는 얼음 송곳을 앞치마 주머니에 넣고 조각들을 물대야에 담았습니다.
옥분	그래서 [MASK]와 딸 영희는 그 집이 허락하는 한 최선을 다했습니다. 그들은 그 집의 기괴한 현상들에 맞서 무의미한 싸움을 이어갔습니다. 뒤집히는 요강, 엉덩이를 때리는 손길, 퀴퀴한 공기에 맞서서 말이죠.
옥분	"도망치는 중이야," [MASK]가 그녀에게 말했습니다. 하루 종일 처음 내뱉은 말이었는데, 상처 입은 혀 때문에 발음이 뭉개져 나왔습니다. "그런 발로 도망을 친다고? 아이고, 맙소사."
팔복	"난 당신인 줄 알았어. 나를 보러 돌아온 줄 알았다고. 그 사람은 어디 있지? 내 남편은?" "고향에 있어요. 살아 있습니다. 내게 당신 이야기를 해줬어요." "그럼 [MASK]는? 그 애는 어디 있지?"
만수	그는 다른 쪽도 찾아냈습니다. 천천히 손을 컵 쪽으로 뻗었는데, 손가락을 펴려는 찰나 그것들이 [MASK]의 콩나무처럼 쟁반과 침대 위로 뒤죽박죽 자라나기 시작했습니다.
철수	[MASK]는 내 무릎에 손을 얹으며 몸을 숙였습니다. 살아있다는 것, 그리고 다른 사람의 온기를 느낄 수 있다는 게 참 좋았습니다. "우리가 겪은 이 모든 고생에 대해 보상을 좀 받아야 한다고 생각하지 않아, 철수?"
팔도	"그들이 그럴 거라는 걸 알아. 내 모든 노력이 수포로 돌아가겠지. 계획을 세워야 해. 어서 돌아가자." 그들이 서둘러 야영지로 돌아왔을 때, 그곳은 이미 다른 이들이 차지하고 있었습니다. 불이 활활 타오르고 있었고 [MASK]들이 고기를 굽고 있었습니다.
고급차	"마치 마약 밀매라도 하는 사람처럼 구석구석 다 뒤지더라고." "검둥이가 [MASK]를 몰고 다니는 걸 고운 시선으로 보겠냐," 얼굴이 둥근 남자가 탁자에서 소리쳤습니다. "사람들은 항상 좋은 차를 타는 소수자들을 의심하는 법이지."
길동	"그는 자신이 무엇을 하는지 알고 있었습니다. 만약 그가 반격했다면... 글쎄요, 그 시절에 제때가 아닌 때에 반격한 소수자들은 오래 살지 못했죠. 게다가 [MASK]는 야구를 정말 하고 싶어 했습니다."
길동	"[MASK]는 위대했지만, 기회조차 얻지 못한 수많은 다른 이들이 있었습니다." "누구한테 그 소릴 하는 거야?" 이발사가 말했습니다. "내가 그 시절 리그 경기를 얼마나 많이 봤는데."
길동	"사람들이 경기장에 검은 고양이를 던지고 욕설을 퍼붓던 게 기억나요. 그는 배짱이 있었죠." 이발사가 기계를 끄며 덧붙였습니다. "[MASK]가 베이스를 지키고 있을 때면 상대 주자들이 스파이크를 세우고 슬라이딩을 하곤 했죠."
할머니	"고향 가족들 보러 왔나?" 그녀가 물었고, 그녀의 눈은 마른 우유 방울처럼 탁해졌습니다. "아니오..., 그러니까, 네, 할머니. [MASK]랑 할아버지 댁에요," 그가 차가운 시선을 피해 뒤걸음질 치며 대답했습니다.
사이렌	[MASK] 소리가 사방에서 울려 퍼졌고, 비극의 현장으로 달려가는 사람들의 행렬은 줄어들지 않았습니다. 주방에서는 여인들이 예전의 끔찍한 사건들을 되새기며 수다를 떨고 있었습니다. "아이들이 다치거나 죽는 일이 이번이 처음도 아니잖아."
길동	"하지만 [MASK]는 묵묵히 견뎌냈습니다. 소란을 피우지도 않았죠. 그저 침묵을 지키며 사람들이 이제껏 본 적 없는 최고의 경기를 보여주었을 뿐입니다." 모자를 쓴 남자가 숨을 몰아쉬며 물었습니다. "그가 정말 아무것도 안 했다고요? 반격도 안 했단 말입니까?"
이슬	나중에 사람들은 징조가 처음부터 있었다고 말할 것입니다. [MASK]가 원래 좀 유별난 아이였다느니, 그 가족이 평소에도 묘하게 이상했다느니 하는 식 말이죠. 그날 아침 사이렌 소리를 듣자마자 그들은 무언가 끔찍한 일이 터졌음을 직감했습니다.
맥아더	걷잡을 수 없이 퍼지는 소문에 따르면, 사령관은 안락의자에 앉아 부하들을 사지로 몰아넣거나, 아니면 마치 [MASK]가 필리핀으로 돌아왔던 것처럼 직접 영웅적인 상륙 작전을 이끌기 위해 귀환할 것이라고 했습니다.
의회	"신사 숙녀 여러분, 지금의 상황은 일시적인 불운일 뿐입니다. 우리 장병들은 용맹하게 싸웠고, 만약 [MASK]가 대통령의 약속대로 흔들림 없는 지지를 보내주었다면 반드시 승리했을 것입니다."
죽음	[MASK]은 부자든 가난한 자든, 장애가 있든 없든 누구에게나 찾아옵니다. 그것이 우리를 방문할 때면, 우리의 슬픔과 상실이 이웃의 것보다 훨씬 더 크게 느껴지기 마련이죠. 나는 여덟 번이나 아이를 가졌지만, 모두 돌이 되기도 전에 세상을 떠났습니다.
할머니	"여자들은 사랑하고 의지할 누군가를 원한단다. 남자들하고는 좀 다르지." 나는 어릴 적 [MASK] 댁에 놀러 가서 먹던, 바삭한 베이컨을 곁들인 치즈 샌드위치를 생각하며 점심을 준비했습니다.
교수	혹은 비음이 섞인 목소리로 헛기침을 하며 단어 하나하나를 곱씹게 만드는 [MASK]를 흉내 내는 사람일지도 모릅니다. "우주에서 오는 방사선은 수억 년의 세월을 담고 있습니다. 지대가 낮을수록 그 농도는 옅어지죠."
할머니	"[MASK]가 말했습니다. 우리 집의 기초는 1890년대에 세워졌지만 여전히 튼튼하다고요. 할아버지가 1950년대에 개축하신 지하실은 (내가 태어나기 전의 일이라 들은 풍월이지만) 두 구역으로 나뉩니다. 구관과 신관이죠."
지영	"창문 너머로 피아노 건반처럼 하얗게 빛나는 작은 발의 형상이 보였습니다. 죽은 아이의 발이었죠. 그것은 그녀를 울게 만들었습니다. 그녀는 고향 집과 늪지대 길을 떠올렸습니다. 가족들은 그녀가 서울에서 [MASK]처럼 화려한 삶을 살고 있다고 믿고 있을 텐데 말이죠."
호락	그녀는 경마 대회가 있던 날부터 그를 좋아하지 않았습니다. 굽 높은 구두를 신은 그녀를 800미터나 걷게 만든 장본인이었으니까요. "[MASK], 하늘과 땅 사이에는 자네의 철학으로는 상상도 못 할 일들이 더 많네." 그가 길을 걸어가며 말했습니다.
아담	내가 학교에 갓 입학한 아이처럼 얼굴을 붉혔을까요? [MASK]가 먹었던 사과처럼 빨개진 얼굴과 투박한 손마디를 보이며 말이죠. 잘 모르겠습니다. 그저 수줍고 당황스러웠습니다. 이런 기분을 느껴본 게... 대체 얼마만인지요.
펀치	"그는 [MASK]처럼 기뻐하고 있습니다. 그리고 평소답지 않게 아주 자랑스러워하고 있죠. 조용한 자부심 같은 거예요. 겉으로 드러내지는 않지만, 그의 표정만 봐도 그가 무엇을 느끼는지 알 수 있습니다."
김	"네." "그게 어디 있지?" "그 작가의 책을 좀 줘보게... 여기 있군." [MASK]의 속표지에는 소년과 성자가 걸어온 길을 표시한 점선 지도가 그려져 있었습니다.
철수	그는 비슷한 제목의 다른 책을 찾아냈습니다. "[MASK], 혹은 모호함." 그는 여자의 시선이 다시 자신을 향하는 것을 느꼈습니다. 마치 책을 훔쳐 주머니에 넣기라도 한 것처럼 죄책감이 들었습니다. 영국인들이란!
윈스턴	복도 끝 어딘가에서 진짜 커피의 향기가 풍겨 나왔습니다. '승리 커피' 같은 모조품이 아닌 진짜 말입니다. [MASK]는 자기도 모르게 발걸음을 멈췄습니다. 찰나의 순간, 그는 반쯤 잊고 지냈던 어린 시절의 세계로 돌아간 기분이었습니다.
윈스턴	"[MASK]를 제외하고는—" [MASK]가 의구심 가득한 목소리로 말을 시작하다 멈췄습니다. "하층민들을 제외하고는"이라는 말이 입안을 맴돌았지만, 그는 그 발언이 체제에 반하는 위험한 생각일지도 모른다는 직감에 스스로를 억제했습니다.
윈스턴	세 사람 모두 신문에 전향 이유를 분석하고 사죄를 약속하는 굴욕적인 기사를 실었습니다. 석방된 후 얼마 지나지 않아, [MASK]는 실제로 그들 세 명이 카페에 앉아 있는 모습을 보았습니다.
윈스턴	어느 날 아침 그가 출근하지 않았습니다. 몇몇 사려 깊지 못한 사람들이 그의 부재에 대해 언급했죠. 다음 날엔 아무도 그를 말하지 않았습니다. 셋째 날, [MASK]는 게시판을 확인하기 위해 기록국 로비로 향했습니다.
윈스턴	"자네는 텅 비게 될 거야. 우리가 자네를 깨끗이 비워낸 다음, 우리 자신으로 그 안을 채울 테니까." 그는 말을 멈추고 흰 가운을 입은 남자에게 신호를 보냈습니다. [MASK]는 자신의 머리 뒤로 묵직한 기계 장치가 배치되는 것을 느꼈습니다.
윈스턴	"자네는 질서를 해치는 결함이야, [MASK]. 닦아내야 할 오점이지. 우리가 과거의 박해자들과는 다르다고 말하지 않았나? 우리는 소극적인 복종이나 굴욕적인 굴복 따위에는 만족하지 않아."
윈스턴	[MASK]는 혼자였고 벌써 몇 시간째 홀로 방치되어 있었습니다. 좁은 벤치에 앉아 있는 고통이 너무 심해 이따금 일어나 걷기도 했지만, 감시 화면 속의 누구도 제지하지 않았습니다. 턱 없는 남자가 떨어뜨린 빵 조각은 여전히 그 자리에 있었습니다.
윈스턴	그것은 서른다섯 살쯤 되어 보이는 남자의 차갑고 예리한 얼굴이었습니다. [MASK]는 생전 처음으로 사상 경찰의 일원을 정면으로 마주하고 있다는 사실을 깨달았습니다. 세 번째 장. 그는 자신이 어디에 있는지 알 수 없었습니다.
파슨스	"물론 난 유죄입니다!" [MASK]가 감시 화면을 비굴하게 쳐다보며 외쳤습니다. "당이 무고한 사람을 체포할 리가 없지 않습니까?" 그의 개구리 같은 얼굴이 조금씩 평온해지더니 심지어 경건한 표정까지 띠기 시작했습니다.
골드스타인	공개 재판이 열릴 때마다 그녀는 아침부터 밤까지 법정을 에워싸고 "반역자들에게 죽음을!"이라고 외치는 청년단 대열의 선두에 섰습니다. '2분 증오' 시간 동안 그녀는 [MASK]에게 모욕을 퍼붓는 일에서 누구보다 뛰어난 실력을 발휘했습니다.
윈스턴	"이곳은 낮과 밤의 구분이 없군요. 시간을 가늠할 길이 없어요." 그들은 몇 분간 무의미한 대화를 나누었습니다. 그러다 갑자기 감시 화면에서 침묵을 명령하는 날카로운 외침이 들렸습니다. [MASK]는 두 손을 모은 채 조용히 앉아 있었습니다.
윈스턴	"조금 더 낮게! 좋습니다. 이제 전 부대 차렷, 나를 주목하십시오." [MASK]의 온몸에서 갑자기 뜨거운 땀이 배어 나왔습니다. 하지만 그의 표정은 여전히 읽을 수 없었습니다. 당황한 기색을 보여선 안 됩니다! 분노를 드러내서도 안 됩니다!
사임	"하층민들을 제외하고는"이라는 말이 입 밖으로 나올 뻔했지만, 그는 그 발언의 위험성을 감지하고 멈췄습니다. 하지만 [MASK]는 그가 무슨 말을 하려 했는지 이미 꿰뚫어 보고 있었습니다.
윈스턴	"머리 위다! 당장 엎드려!" '증기선'은 하층민들이 로켓 폭탄을 부르는 은어였습니다. [MASK]는 즉시 바닥에 엎드렸습니다. 이런 종류의 경고를 할 때 하층민들의 직감은 거의 항상 옳았습니다.
윈스턴	누군가 탁자 위의 유리 문진을 집어 들어 벽난로 근처에서 박살을 냈습니다. 케이크 위의 설탕 장식처럼 작고 분홍빛이 돌던 산호 조각이 바닥 위로 굴러갔습니다. [MASK]는 생각했습니다. 진실이란 것이 이토록 작고 연약한 것이었나!
윈스턴	[MASK]는 생각했습니다. 주변을 돌아보지만 않는다면 당이 이상향으로 설정한 인물들—키 크고 근육질인 청년들과 건강하고 활기찬 처녀들, 금발에 생기가 넘치고 근심 없는 사람들—이 실제로 존재하며 세상을 주도하고 있다고 믿는 것이 얼마나 쉬운 일인지를 말입니다.
윈스턴	"이곳에서 쏟아져 나오는 모든 자백은 진실이네. 우리가 그것을 진실로 만드니까. 무엇보다 우리는 죽은 자들이 우리에게 맞서 일어나는 것을 허용하지 않아. 후세가 자네를 변호해줄 거라는 망상은 버리게, [MASK]. 후세는 자네라는 존재를 결코 알지 못할 테니까."
윈스턴	"그들이 감내해야 하는 것들을 생각해보세요. 자, 다시 시도해봅시다. 좋아요, 훨씬 좋아졌습니다." [MASK]가 수년 만에 처음으로 무릎을 굽히지 않고 발가락 끝을 만지는 데 성공하자, 그녀가 격려하듯 덧붙였습니다.
줄리아	만약 음식이 나온다면 그 안에 면도날이 숨겨져 있을지도 모른다는 생각이 들었습니다. 그는 희미하게 [MASK]를 떠올렸습니다. 그녀도 어딘가에서 자신보다 더한 고통을 겪고 있을지 모릅니다. 지금 이 순간 비명을 지르고 있을지도 모르죠.
파슨스	그는 점심시간 동안 잠시나마 혼자 있고 싶었지만, 운 나쁘게도 어리석은 [MASK]가 곁에 주저앉았습니다. 그의 땀 냄새는 스튜의 비릿한 냄새를 압도할 정도였고, 그는 '증오 주간' 준비에 대해 쉴 새 없이 떠들어댔습니다.
윈스턴	누군가 창문을 통해 들어오고 있었습니다. 계단을 뛰어 올라오는 구두 소리가 들렸습니다. 방 안은 검은 제복을 입고 곤봉을 든 건장한 남자들로 가득 찼습니다. [MASK]는 더 이상 떨고 있지 않았습니다.
줄리아	그가 [MASK]에게 제안했을 때 그녀는 예상외로 흔쾌히 응했습니다. 두 사람 모두 그것이 미친 짓이라는 걸 알고 있었습니다. 마치 제 발로 무덤을 향해 걸어 들어가는 것과 같았죠. 침대 끝에 앉아 기다리며 그는 다시 한번 '애정부'의 지하실을 떠올렸습니다.
윈스턴	기록국의 가장 큰 부서는 [MASK]가 일하는 곳보다 훨씬 컸는데, 그곳의 업무는 폐기되어 파기될 예정인 모든 책과 신문, 문서들의 사본을 추적하여 수집하는 것이었습니다.
윈스턴	"물질에 대한 우리의 통제는 이미 완벽하네." 잠시 동안 [MASK]는 계기판을 무시했습니다. 그는 격렬하게 몸을 일으켜 앉으려 했지만, 고통스럽게 몸을 뒤트는 데 그쳤습니다. "하지만 어떻게 물질을 통제한다는 말입니까?" 그가 외쳤습니다.
윈스턴	방구석의 움푹 들어간 곳에 앉아 몸을 뒤로 젖힘으로써, [MASK]는 시각적으로 감시 화면의 범위를 벗어날 수 있었습니다. 물론 소리는 들리겠지만, 지금 위치에만 있다면 그의 모습은 보이지 않을 것입니다.
윈스턴	[MASK]는 이런 종류의 일에 능숙했습니다. 가끔 그는 신어(Newspeak)로만 작성되는 신문의 사설을 수정하는 임무를 맡기도 했습니다. 그는 아까 따로 빼두었던 메시지를 펼쳤습니다.
윈스턴	외로운 15시였습니다. 감시 화면에서는 금속성 음악이 흘러나왔습니다. [MASK]는 평소처럼 구석에 앉아 빈 잔을 응시하고 있었습니다. 이따금 그는 맞은편 벽에서 자신을 지켜보는 거대한 얼굴을 올려다보았습니다.
윈스턴	"눈앞에 보이는 걸 어떻게 보지 않을 수 있습니까? 둘 더하기 둘은 넷입니다." "때로는 그렇지 않을 수도 있네, [MASK]. 때로는 다섯이 되기도 하고, 셋이 되기도 하지. 혹은 그 전부가 동시에 되기도 하네. 더 노력해야 할 거야."
윈스턴	[MASK]가 자리에서 벌떡 일어났습니다. 눈앞의 광경이 주는 충격에 주의력 따위는 사라져버렸습니다. 수년 만에 처음으로 그는 감시 화면의 존재를 잊었습니다. "당신도 잡혀 왔군요!" 그가 소리쳤습니다.
윈스턴	'빅 브라더가 당신을 지켜보고 있다'라는 문구와 함께 검은 눈동자가 [MASK]의 눈을 깊숙이 뚫어지게 쳐다보았습니다. 거리에는 한쪽 귀퉁이가 찢어진 포스터가 바람에 펄럭이며 '영사(INGSOC)'라는 단어를 가렸다 드러냈다 하고 있었습니다.
티티올라	그녀는 '티-티-요-라'라고 발음하며 얼굴을 찌푸렸습니다. 자신의 입에서 나오는 그 소리가 묘하게 어긋나고 거슬린다는 사실을 알고 있었기 때문입니다. 소녀가 고개를 홱 돌리더니 눈을 크게 떴습니다. "[MASK]," 그녀가 날카롭게 말했습니다.
인디언	"식량에 관해서라면, 내부에 사냥감이 풍부하지 않다면 내 구원의 기회를 걸겠습니다." "[MASK]가 위험한 게 아닙니다. 당신의 말 뒤에 숨겨진 경고가 들리는군요." 지지자는 여전히 서 있는 수도사 쪽으로 몸을 숙였습니다.
유럽인	[MASK]의 방식은 아니었지만, 나는 이 나라의 원주민들이 추하다고 생각하지 않았습니다. 나중에 우리를 보러 온 여인들도 매력적이라고 느꼈죠. 비록 많은 이가 고된 노동에 시달린 모습이었지만 말입니다.
사탄	"땅이 있어야 할 곳에 공기가 있었고, 공기 속에는 물이, 물 속에는 땅이, 그리고 모든 곳에는 불이 있었습니다. 원소들이 뒤섞여 갑자기 굉음이 울려 퍼졌습니다. [MASK]가 주님에 의해 쫓겨난 이후로 단 한 번도 들린 적 없는 소리였죠. 네 원소가 하나가 된 것입니다!"
웨슨	그녀가 고개를 돌렸습니다. "왜 그러죠? 왜 나를 걱정하는 거예요? 내 총은 집에 잘 있다고요." 당신이 그의 완벽한 범죄를 망치는 데 일조했기 때문이고, 어쩌면 그도 그 사실을 알고 있을지 모른다는 말을 그녀에게 해주고 싶었습니다. 바로 [MASK] 때문이죠.
엄마	"엄마, 제발요, 네? 딱 한 번만요." "미안해, 얘야. [MASK]가 지금 그럴 여유가 없네. 이번 여행은 안 돼. 다음에 꼭 사줄게." 그녀는 왜 샌드위치를 싸 올 생각을 못 했는지 문득 후회했습니다.
순이	[MASK]는 수탉이 문앞에서 날개를 치며 세 번 울었기에 손님이 올 줄 알았다고 최대한 공손하게 대답했습니다. 그녀는 손님을 맞이하기 위해 정갈한 옷으로 갈아입은 상태였습니다.
용왕	이 바다의 여신은 곧 갑판 위로 끌려 올라왔고, 사람들은 그녀의 화려한 빛깔에 감탄했습니다. 하지만 피를 흘리며 그 빛은 바랬고, 요리사는 저녁 식사를 준비하기 시작했습니다. [MASK] 가족의 다른 이들도 우리의 긴 여정에 함께할 것입니다.
철수	"전쟁이 나든 평화롭든, 자네는 신문에 얼굴을 묻고 정해진 시간에 정확히 문을 열고 들어오는군." "좋은 아침입니다." [MASK]가 말했습니다. 신문을 읽는 유색인종의 모습은 동료에게 늘 경이로움과 당혹감을 동시에 안겨주는 광경이었습니다.
경전	그는 설사 아버지의 자리를 물려받지 않았더라도 위대한 인물이 되었을 것입니다. 그가 오직 [MASK] 공부에만 몰두하고 있는 것이 참으로 안타까울 따름입니다. 그가 성자가 아니었다면 세상에 더 큰 공헌을 했을 텐데 말이죠. 그는 오직 자신만의 세계에 살고 있습니다.
준호	"방금 뭐라고 했니?" "내 동생이 아마 훌륭한 성자가 될 거라고 말했어요." [MASK]가 나직하게 덧붙였습니다. "내가 아버지의 가업을 잇지 않더라도, 가문의 전통이 끊어지는 건 아니라는 생각이 문득 들었거든요."
지영	그녀는 장엄한 아름다움이 느껴지는 슬픈 목소리로 말했습니다. "이 어리석은 사람아, 애처럼 굴어서 나까지 마음 아프게 하네. [MASK], 당신은 영원히 철없는 로맨티스트일 거야. 사랑을 나누는 것조차 애처럼 하니까."
영호	"그는 사업가네." 대부님이 담담하게 말씀하셨습니다. "그가 거절할 수 없는 제안을 하나 하지." "이미 늦었습니다." [MASK]가 말했습니다. "계약서는 이미 다 작성됐고 다음 주부터 촬영에 들어간다고 합니다."
지석	그는 자신이 사랑하는 [MASK]에게조차 이토록 폐쇄적이라는 사실에 스스로 놀랐습니다. 그녀를 사랑하고 신뢰했지만, 아버지나 가문에 대한 이야기는 절대 하지 않을 것입니다. 그녀는 이방인이니까요. "자네는 어떤가?"
민수	[MASK]는 아버지 곁에 무릎을 꿇고 그의 손을 잡았습니다. 다른 남자들이 구급차와 의사를 부르는 동안 말이죠. 대부님은 아들의 얼굴을 마지막으로 보기 위해 간신히 눈을 떴습니다. 심근경색으로 그의 붉던 얼굴은 이미 푸르게 변해 있었습니다.
범천	하지만 오, [MASK]이시여. 당신은 성스러운 법을 전파할 왕자와 무지의 어둠을 깨뜨릴 현자들을 보내주셨으면서, 우리를 너무나 오랫동안 잊으셨습니다. 이제 바다 건너온 자들이 우리의 지혜를 짓밟고 미덕을 비웃고 있습니다.
철수	"그냥 여기서 끝내는 게 좋겠어." 그가 쐈습니다. 사냥감이 바닥에 닿자마자 사냥개들이 달려들었습니다. 남아있던 실낱같은 생명력조차 즉시 끊어졌습니다. [MASK]는 낮은 나무 위로 올라가 나뭇가지를 흔들었습니다.
고라니	하지만 늑대 무리가 이 공터까지 떼를 지어 내려온 적은 없었습니다. 그들의 배를 불려줄 [MASK]나 작은 짐승들이 주변에 널려 있었으니까요. 그동안은 겨우 한두 마리가 겁에 질린 채 주변을 맴돌다 작은 소리에도 도망치곤 했습니다. 이제껏 그들은 위협적인 존재가 아니었습니다.
길동	그는 뾰족한 막대기로 긴 이랑을 따라 구멍을 뚫으며 앞서 나갔습니다. [MASK]는 그 뒤를 따르며 구멍마다 씨앗 두 알씩을 떨어뜨렸습니다. 그는 아버지를 기쁘게 해드리고 싶었고, 아버지가 망친 농사일을 잊어주시길 바랐습니다.
길동	[MASK]는 조금이라도 지체하면 가슴이 터져버릴 것만 같았습니다. 그는 방으로 달려가 침대 밑에 있던 묵직한 가죽 장화를 꺼내 신었습니다. 사냥이 끝나버리기라도 할까 봐 그는 서둘러 아버지를 뒤쫓아갔습니다.
만수	"그 여자는 당신 인터뷰는 쓰지도 않았어. 건너편 농장의 [MASK]를 썼다고. 당신한테는 뭘 줬는데?" "그냥 수수료만 좀 줬어. 그걸로 돼지랑 강아지, 거위 한 마리를 샀지." "하!"
준호	"노예 제도를 폐지하는 것은 노예들을 갈라놓고 그들에게서 감정과 생명, 지혜를 빼앗는 보이지 않는 사슬을 끊어내는 것입니다." 우레와 같은 박수가 터져 나왔습니다. 사람들이 무대 위 [MASK]를 에워싸며 몰려들었습니다. 의자가 넘어지고 사람들은 서로를 밀쳐댔습니다.
한국인	하지만 그 시절의 사람들은 영화나 소설에서 보던 그런 전형적인 모습이 아니었습니다. 그들은 부드러운 말투를 쓰거나 초라한 누더기를 걸치고 서툰 방언을 구사하는 유약한 존재들이 아니었습니다. 그들은 강인한 [MASK]이었습니다.
선화	"그가 잠들 때 내게 오세요. 오늘이든 내일이든, 당신이 원할 때 오세요. 나에겐 시간이 의미가 없습니다. 당신이 내 이름을 부를 때 나는 여기에 있습니다. 하지만 약속을 지키세요, [MASK]. 아무에게도 알리지 말고 혼자 오셔야 합니다."
기남	"우린 끝났어. 목숨을 걸고 1킬로미터를 더 가야 한다 해도 불가능했을 거야. 우리가 출발했을 때, 어린 [MASK]는 경련이 너무 심해 제대로 앉아 있지도 못했지. 그래서 우린 뗏목 한가운데에 나뭇가지를 깔고 그를 눕혔어."
로마서	"오늘 아침 당신 어머니가 나를 위해 두고 가신 그 오래된 설교집을 읽었어. [MASK] 1장이더군. '그들의 생각이 허망하여지며 미련한 마음이 어두워졌나니, 스스로 지혜 있다 하나 어리석게 되어'라는 구절 말이야."
아담	"이곳에는 나를 [MASK]과 구분하지 못하는 사람들이 많아요. 정말 멋진 일이죠." 그러고는 손으로 얼굴과 눈을 가렸습니다. 어두웠지만 나는 그 몸짓을 알아볼 수 있었습니다. 그는 평생을 그렇게 살아온 것 같았습니다.
지영	[MASK]가 화장대 쪽으로 걸어갔습니다. 세 번째 판을 위해 카드가 돌려졌습니다. "나 빼놓고 시작했네요." 그녀가 말했습니다. 우린 바닥에 벽돌을 깔고 담요를 두른 채 카드 게임을 했습니다. 그 시절의 고향 마을은 묘하게 변해가고 있었습니다.
민주	그녀가 죄수복을 입고 경찰에 의해 압송될 때마다, 주변 거리에는 수많은 사람이 모여 TV 카메라를 향해 피켓을 들고 외쳤습니다. "[MASK]를 석방하라! 정치적 탄압을 중단하라! 차별을 멈춰라! 전쟁을 끝내라!"
준호	[MASK]가 방 건너편에서 소리쳤습니다. 그는 다른 훈련생들과 함께 앉아 있었습니다. 이제 그들 중 네 명만이 남았고, 나머지는 이미 공포의 환영을 통과한 상태였습니다. 그가 자신의 옆자리를 툭툭 쳤습니다. "원한다면 여기 내 옆에 앉아도 돼."
영희	"어서 해봐, [MASK]." 그가 나직하게 말했습니다. "이해해. 괜찮아." 내 눈시울이 뜨거워졌습니다. "안 돼요," 목구멍이 꽉 막혀 아픈 목소리로 내가 말했습니다. 나는 고개를 저었습니다. "10초 주지!"
민준	"난 더 이상 용감한 전사로서의 삶은 생각도 못 하겠어. 오직 이 훈련을 통과하는 것뿐이야. '오늘은 기술을 배울 거고, 내일부터는 서로 싸우게 될 거다'라고 [MASK]가 말했어. 그러니까 집중하는 게 좋을 거야."
민준	나는 눈을 감았습니다. [MASK]가 나를 안심시켜줄 거라 기대하지 않았고, 그도 노력하지 않았지만, 내 동료들 사이에 있을 때보다 여기 서 있는 게 마음이 훨씬 편했습니다. 나는 그의 어깨에 이마를 기댔습니다.
철수	"통계적으로 말하자면," 내 옆에 앉은 똑똑한 아이—이름이 [MASK]였죠—가 나를 보며 웃으며 말했습니다. "자네는 실수로라도 적어도 한 번은 과녁을 맞혔어야 했어." 그는 덥수룩한 금발에 미간에 주름이 있는 인상이었습니다.
영자	나를 도와준 솔직한 성격의 소녀가 씩씩하게 물었습니다. 그녀는 키가 크고 건강한 구리빛 피부에 짧은 머리를 하고 있었습니다. 예뻤죠. 나는 고개를 덖였습니다. "난 [MASK]야." 그녀가 손을 내밀었습니다. 나도 누군가와 악수를 한 지 참 오래되었습니다.
지석	잠시 후 그들이 움직이는 걸 보니 살아있는 게 분명했고, 대원들이 전진했습니다. 내 형제 주변으로 검은 무리가 모여들었습니다. "[MASK]," 내가 불렀습니다. 그가 다시 화면을 눌렀고, 1층에 있던 모든 사람이 멈췄습니다.
철호	"난간 너머로 올라가." [MASK]가 단어 하나하나를 천천히 내뱉으며 말했습니다. "저 절벽 끝에 5분 동안 매달려 있을 수 있다면, 네 겁쟁이 같은 행동을 잊어주지. 못하겠다면, 더 이상 훈련을 계속할 수 없다."
철수	"나는 욕망을 가져요. 하지만 그건 끝이 없죠. 끝이 없다고요! 그리고 그건, 정신분석학적인 관점에서 볼 때 축복이 아닐지도 모릅니다... 하지만 무의식이 할 수 있는 일은, [MASK]가 말했듯이, 그저 '원하는 것'뿐이죠."
영희	"사실 우리가 그 집에서 하고 있는 건 '리어왕'의 희극 버전 같은 거예요. 내가 [MASK] 역을 맡은 셈이죠! 그녀는 전화기 너머로 듣지도 않는 상대에게 자신의 가장 큰 단점은 너무 착한 것이라고 끊임없이 떠들어대요."
진호	"입을 열기가 두려워요. 혹시 아무 말도 나오지 않거나, 아니면 잘못된 말이 튀어나올까 봐요. '[MASK], 네, 그건 아주 오래된 프랑스 이름이죠. 검은 문이나 관문을 뜻하는 말에서 유래된 거예요.'"
해리	[MASK]는 심호흡을 하고 가장 작은 병을 집어 들었습니다. 그는 검은 불길을 마주 보았습니다. "내가 간다," 그가 말하고는 작은 병의 내용물을 한입에 들이켰습니다. 정말로 온몸에 얼음물이 흐르는 것 같은 기분이 들었습니다.
그린고트	"첫째, 나도 잘 모른단다. 둘째, 넌 이미 너무 많은 걸 알고 있어. 설사 내가 안다고 해도 말해주지 않을 거다. 그 물건이 여기 있는 건 다 이유가 있어서야. [MASK]에서 도난당할 뻔했다는 건 너도 이미 다 눈치챘겠지?"
지혜	"정말이야?" [MASK]가 말했습니다. "난 너에 대해 이미 다 알고 있어. 배경지식을 쌓으려고 책을 몇 권 더 샀거든. 넌 '현대 마법사'랑 '어둠의 마법의 역사', '20세기 위대한 마법사들' 같은 책에 다 나오잖아."
해그리드	그들은 다른 상점들보다 훨씬 높이 솟은 순백의 건물에 도착했습니다. 번쩍이는 청동 문 옆에는 붉은색과 금색 제복을 입은— "그래, 저게 바로 도깨비란다." 그들이 하얀 돌계단을 올라갈 때 [MASK]가 조용히 말했습니다.
진수	하지만 [MASK]는 무언가 결심한 듯 단호한 표정을 지었습니다. "그렇게 하게 내버려 두지 않겠어." 그가 초상화 구멍 앞을 가로막으며 말했습니다. "난—난 당신과 싸우겠어!"
해그리드	"[MASK]," [MASK]가 말했습니다. "우리 같은 마법사가 아닌 평범한 사람들을 부르는 말이지. 그리고 넌 운 나쁘게도 내가 본 사람들 중 가장 전형적인 [MASK] 가족 밑에서 자란 거야."
진수	"어쨌든, 우린 [MASK]의 두꺼비를 찾으러 가는 게 좋겠어. 너희 둘 다 옷을 갈아입는 게 좋겠다. 곧 도착할 것 같거든." 그녀는 두꺼비를 잃어버린 소년을 데리고 자리를 떠났습니다.
교수님	"진실이라." [MASK]가 한숨을 쉬었습니다. "그건 아름답고도 무서운 것이라 아주 신중하게 다뤄야 한단다. 하지만 네 질문에 답해주마. 아주 정당한 이유가 없는 한 말이지. 만약 대답하지 못한다면 용서해주길 바란다."
해그리드	수업이 끝나고 성에서 종소리가 울리자, 세 사람은 즉시 도구를 내려놓고 숲 가장자리로 달려갔습니다. [MASK]가 흥분한 표정으로 그들을 맞이했습니다. "거의 다 됐어."
사부	"우리는 마법 물약을 만들 때 뿔이랑 꼬리털만 사용했을 뿐입니다." "그건 유니콘을 죽이는 게 너무나 끔찍한 일이기 때문이란다." [MASK]가 말했습니다. "잃을 건 없고 얻을 것만 있는 자만이 그런 죄를 저지르는 법이지."
해리	침묵을 깨고 귀를 찢는 듯한 비명 소리가 들렸습니다. 책이 비명을 지르고 있었던 것입니다! [MASK]는 급히 책을 덮었지만, 비명은 끊이지 않고 높고 날카롭게 울려 퍼졌습니다. 그는 뒷걸음질 치다 램프를 건드렸고 불은 즉시 꺼졌습니다.
해그리드	"좋아," [MASK]가 말했습니다. "자, 잘 들어라. 오늘 밤 우리가 할 일은 아주 위험해. 그러니까 누구도 무모한 행동을 해선 안 된다. 이리로 나를 따라오너라."
해리	"별의 자리가 잘못 읽히는 경우도 있단다. 숲의 현자들조차 가끔 실수하곤 하지. 이번이 그런 경우이길 바란다." 그는 말을 마치고 숲 깊은 곳으로 달려가 버렸고, [MASK]는 뒤에 남아 몸을 떨었습니다.
수위	"여기서 망토를 쓰는 게 좋겠어. 우리 셋이 다 가려지는지 확인해봐. 만약 [MASK]가 혼자 떠다니는 발 하나라도 발견하는 날엔—" "거기서 뭐 하는 거야?" 구석에서 목소리가 들렸습니다.
지혜	"마을에서 술을 한잔하다가 낯선 사람과 카드 게임을 하게 됐지. 솔직히 말하면 그 사람도 이걸 처치 곤란해하며 기꺼이 내준 것 같더구나." "[MASK]가 물었습니다. "하지만 이게 부화하면 어떻게 하실 거예요?"
해그리드	"너는 겨우 돌쟁이였어. 그가 너희 집으로 찾아와서는— 그리고—" [MASK]가 갑자기 아주 지저분하고 얼룩진 손수건을 꺼내더니 뱃고동 같은 소리를 내며 코를 풀었습니다. "미안하구나." 그가 말했습니다.
두들리	"차 한 잔 내줄 수 없겠나? 여기까지 오는 길이 쉽지 않았거든..." 그는 공포에 질려 얼어붙은 채 소파에 앉아 있는 [MASK]에게 성큼성큼 다가갔습니다. "비켜봐, 이 덩어리야." 낯선 사내가 말했습니다.
해리	[MASK]는 새 방 안을 빙글빙글 돌았습니다. 누군가 그가 벽장 방에서 나왔다는 걸 알고 있었고, 첫 번째 편지를 받지 못했다는 것도 눈치챈 모양이었습니다. 분명 다시 보내오겠죠? 이번에 그는 절대 놓치지 않겠다고 다짐했습니다.
론	"오, 마법 부리는 거야? 어디 한번 보자." 그녀가 자리에 앉았습니다. [MASK]는 당황한 기색이 역력했습니다. "어— 알았어." 그가 헛기침을 했습니다. "노란 햇살, 버터 같은 데이지, 이 뚱뚱하고 멍청한 쥐를 노랗게 바꿔라."
지혜	그건 평범한 불길이 아니었습니다. 보라색이었죠. 그와 동시에 앞으로 나가는 문 위로 검은 불꽃이 치솟았습니다. 그들은 갇혔습니다. "봐!" [MASK]가 병 옆에 놓인 종이 두루마리를 낚아챘습니다.
해그리드	"좋아, 나를 따라오되 조심해야 한다." 그들은 아주 작은 소리라도 놓칠세라 귀를 기울이며 천천히 걸었습니다. 갑자기 저 앞 공터에서 무언가 분명히 움직였습니다. "게 누구냐?" [MASK]가 외쳤습니다. "모습을 드러내라—난 무기를 들었다!"
해리	갑자기 [MASK]의 다리에 감각이 돌아왔습니다. 그는 뒷걸음질 쳤습니다. "바보같이 굴지 마라." 얼굴이 으르렁거렸습니다. "목숨을 아끼고 내 편에 서는 게 좋을 거다... 아니면 네 부모와 똑같은 최후를 맞이하게 될 테니까."
해리	모자가 눈 위로 내려오기 직전 [MASK]가 마지막으로 본 것은 자신을 보려고 목을 길게 뺀 사람들로 가득 찬 연회장이었습니다. 다음 순간 그는 모자의 검은 안쪽만을 보고 있었습니다. 그가 기다리자 귓가에서 작은 목소리가 들렸습니다. "흠,"
해그리드	[MASK]가 그를 보며 미간을 찌푸렸습니다. "당연히 말해줄 수 없지." 그가 말했습니다. "첫째, 나도 잘 모른단다. 둘째, 넌 이미 너무 많은 걸 알고 있어. 그 물건이 여기 있는 건 다 이유가 있어서야."
해그리드	폭풍우를 뚫고 간신히 우편물을 배달한 부엉이들은 다시 날아오르기 전까지 [MASK]의 보살핌을 받으며 기운을 차려야 했습니다. 모두가 빨리 방학이 시작되기만을 기다렸습니다.
해리	[MASK]는 그날 수업에 집중하는 데 애를 먹었습니다. 마음은 자꾸 침대 밑에 둔 새 빗자루가 있는 기숙사로 향하거나, 오늘 밤 경기를 배우게 될 경기장으로 달려갔습니다.
해리	그는 자신이 어디로 향하는지 몰랐지만, 남겨두고 온 곳보다는 나을 것이 분명했습니다. 기차 칸 문이 열리더니 머리가 붉은 소년이 들어왔습니다. "여기 자리 있니?" 그가 [MASK]의 맞은편 좌석을 가리키며 물었습니다.
해그리드	그가 만진 벽돌이 떨리더니 꿈틀거렸습니다. 가운데에 작은 구멍이 나타나더니 점점 더 넓어졌습니다. 잠시 후 그들 앞에는 덩치 큰 [MASK]조차 지나갈 수 있을 만큼 거대한 아치형 입구가 나타났고, 그 너머로 굽이굽이 이어지는 돌길이 펼쳐졌습니다.
해리	시험이 시작되기 일주일 전쯤, 자신과 상관없는 일에는 참견하지 않겠다는 [MASK]의 다짐은 예상치 못한 시험대에 올랐습니다. 오후에 혼자 도서관에서 돌아오던 중, 그는 앞쪽 교실에서 누군가 흐느끼는 소리를 들었습니다.
해리	[MASK]가 금방 깨달았듯이, 마법에는 지팡이를 휘두르며 몇 마디 우스갯소리를 하는 것보다 훨씬 많은 것이 담겨 있었습니다. 그들은 매주 수요일 자정에 망원경으로 밤하늘을 관찰하며 별들의 이름과 행성의 움직임을 공부해야 했습니다.
지혜	그가 몸을 굽혀 바닥 문 고리를 잡아당기자 문이 위로 활짝 열렸습니다. "뭐가 보여?" [MASK]가 불안한 듯 물었습니다. "아무것도 안 보여—그냥 깜깜해—내려갈 방법이 없으니 그냥 뛰어내려야겠어."
해리	그 부엉이는 가끔 창문으로 날아 들어와 그의 귀를 살짝 깨물거나 토스트 조각을 얻어먹고는 다른 학교 부엉이들과 함께 잠들러 가곤 했습니다. 하지만 오늘 아침엔 잼 단지와 설탕 그릇 사이에 내려앉더니 [MASK]의 접시 위에 쪽지 하나를 떨어뜨렸습니다.
해리	"네가 무슨 생각 하는지 알아, [MASK], 저 거울 말이지. 오늘 밤엔 가지 마." "왜 안 돼?" "글쎄, 그냥 느낌이 안 좋아—게다가 넌 벌써 몇 번이나 위험한 고비를 넘겼잖아."
해리	"나도 이런 거 하나만 있으면 소원이 없겠어." 그가 말했습니다. "정말 뭐든 할 텐데. 왜 그래?" "아무것도 아니야." [MASK]가 말했습니다. 기분이 묘했습니다. 대체 누가 이 망토를 보낸 걸까요? 정말 예전에 아버지의 것이었을까요?
지혜	"빨리 가야 해, 늦겠어." 복도 끝에 다다르기도 전에 [MASK]가 그들을 따라잡았습니다. "나도 같이 가." 그녀가 말했습니다. "안 돼."
두들리	1분만 지나면 그는 열한 살이 됩니다. 30초... 20초... 10초... 9초—심술궂게도 [MASK]를 깨워서 괴롭혀줄까 하는 생각이 들었습니다—3... 2... 1... 쾅!
해그리드	매일 아침 땅은 서리로 덮였습니다. 위층 창문 너머로 빗자루의 서리를 제거하는 [MASK]의 모습이 보였습니다. 그는 긴 코트를 걸치고 커다란 장화를 신은 채 경기장에 서 있었습니다. 드디어 시즌이 시작된 것입니다.
해리	[MASK]는 아주 작은 병을 내려다보았습니다. "우리 중 한 명만 마실 수 있는 양이야." 그가 말했습니다. "한 모금도 채 안 되겠어." 그들은 서로를 쳐다보았습니다. "어떤 게 널 보라색 불꽃 너머로 되돌려 보내줄까?"
해리	[MASK]는 거울에서 본 것들을 쉽게 잊을 수 있기를 바랐지만, 그럴 수 없었습니다. 그는 악몽을 꾸기 시작했습니다. 초록색 불빛과 함께 부모님이 사라지고 날카로운 웃음소리가 들려오는 꿈을 반복해서 꾸었습니다.
해리	교실 밖에서 줄을 서 있던 사람들은 그를 보려고 까치발을 들거나, 복도를 지나가다 말고 다시 돌아와 빤히 쳐다보곤 했습니다. [MASK]는 수업을 들으러 가는 길을 찾는 데 집중하고 싶었기에 그런 시선들이 부담스러웠습니다.
해리	"그래—다 이해했니?" "공격수 세 명이 쿼플로 득점하고, 파수꾼이 골대를 지키고, 몰이꾼들이 블러저를 막아내는 거죠." [MASK]가 막힘없이 술술 읊었습니다.
강 교수	"좋아, 이제 우리가 해야 할 일이야." 그가 긴박하게 속삭였습니다. "우리 중 한 명은 [MASK]를 계속 감시해야 해—교무실 밖에서 기다리다가 그가 나오면 미행하라고."
오리밴더	마지막 가게는 좁고 초라했습니다. 문 위에는 '382년부터 지팡이를 만들어온 [MASK]'라는 빛바랜 금색 글자가 적혀 있었습니다. 먼지 쌓인 창가에는 보라색 쿠션 위에 지팡이 하나가 놓여 있었습니다. 안으로 들어서자 가게 깊은 곳에서 종소리가 울렸습니다.
지석	그의 누런 치아는 마치 자석 같았습니다. 그것들은 보고, 웃고, 노래하고, 냄새 맡고, 움직였습니다. 사람을 홀리는 힘이 있었죠. "어디 사는지 물었잖아." 그가 불쾌한 음모를 꾸미는 듯한 말투로 물었습니다. "[MASK]가 대답했습니다. '여의도요.'"
민준	[MASK]는 가족 중 유일하게 흉터 하나 없이 깨끗했습니다. 예전에 운동 경기가 끝나고 탄산음료 캔을 따다 검지 손가락을 살짝 베인 게 전부였죠. 그는 자신의 곱상한 손으로 비행기 조종간을 잡는 모습을 상상해 보았습니다.
철수	"그녀가 다음 지점장이 될 거야." "[MASK]가 말했습니다. '내 눈에 흙이 들어가기 전까진 안 돼.' 그의 형은 이 상황을 예상했다는 듯 자리에서 일어나 미소를 지었습니다. '좋아. 이제야 이야기가 통하는군.'"
철수	"먼저 자네 수염부터 좀 정리해야겠어." [MASK]가 그에게 말했습니다. "수염에 묻은 부스러기부터 좀 털어내게. 사람들이 밥 먹으러 오는 식당에 자네 같은 몰골이 앉아 있으면 입맛이 싹 가신다는 걸 모르는 건가?"
코코	"난 허락 못 해." 그녀는 대답 대신 소리 없이 맞서 싸웠습니다. 고양이처럼 몸을 뒤틀며 이빨을 드러냈죠. 우리 집 앵무새 이름은 [MASK]였는데, 초록색 깃털을 가진 녀석이었죠. 말을 잘하진 못했지만 "거기 누구야?"라는 말은 할 줄 알았습니다.
희수	난 여기서 뭘 하는 거고, 대체 난 누구일까요? 자수 테피스트리가 걸린 방의 문은 늘 잠겨 있습니다. 그 문은 복도로 이어진다는 걸 알고 있죠. 그곳이 바로 [MASK]가 서서 내가 본 적 없는 다른 여자와 이야기를 나누는 장소입니다.
권력	그들, 즉 한쪽에는 지배 계급이 있고 다른 쪽에는 피지배 계급이 있었습니다. [MASK]의 주인이 바뀌었지만, 그가 사는 곳에서 바뀐 건 무엇이었을까요? 비상 상황이 있다면 바로 지금이었습니다. "세입자를 보호하는 법이 있습니다."
철수	가난한 이들을 긍휼히 여기는 자는 복이 있나니. [MASK]는 목소리를 가다듬으려 애썼습니다. "설마—교회에서 정말 이런 노래를 부른다는 건가요?" "아뇨, 꼭 그렇지는 않습니다."
기플링	그들은 손 하나 까딱 안 하고 수십 명의 하인을 부리며, 더운 철이 되면 산속 휴양지로 떠날 거예요. "[MASK]의 소설을 너무 많이 읽으셨군요. 영국군 장교들 이야기를 하시는 모양인데, 선교사들이 그렇게 산다고는 믿기지 않네요."
의회	대통령은 여전히 협상을 시도했으나 정치권에서의 영향력을 잃어버렸습니다. 만약 그가 4월에 [MASK]에 선전포고를 요청하는 메시지를 보내지 않았더라도, 의회는 헌법적 권한을 행사해 대통령의 요청 없이 독자적으로 행동했을 것입니다.
시저	"그래서 친구들과 같은 반에 있기를 바라는 겁니다—" "하지만 그 아이는 열정이 넘치는 아이잖아요! 어떤 일이든 앞뒤 가리지 않고 뛰어들 텐데요." "그 아이가 [MASK]의 역사책에는 전혀 열의를 보이지 않았다는 걸 믿어주세요."
허준	"이걸 살리고 싶군요. 복합 골절은 대개 절단을 의미하지만, 그래선 안 된다고 생각합니다. [MASK]는 한두 명을 살려낸 적이 있고 관련 논문도 발표했습니다. 그가 제안한 대로 소독 처방을 해보겠습니다."
욥	"그러니 너무 놀라거나 슬퍼하지 마세요. [MASK]서를 읽어보면 죽음이 두려운 것이 아님을 알게 될 겁니다. '그분은 어둠 속에서 깊은 것을 드러내시며 죽음의 그늘을 광명으로 나오게 하시느니라' 같은 구절 말이죠."
강 경감	"나는 엉뚱한 질문을 던지고 돌아다니는 데 아주 소질이 있습니다. 좋은 일이라면 맥주도 꽤 많이 마실 수 있고요." 서장은 빙긋 웃으며 [MASK]에게 언제든 찾아오라고 말하고는 차에 올라타 떠났습니다.
강 경감	"아! 그들이 의회까지 문제를 끌고 갔었죠. 돈이 엄청나게 들었다고 하더군요." "[MASK]가 말했습니다. '참 어처구니없는 일이군요. 실업자가 이렇게 넘쳐나는데 말입니다.'"
프랑켄슈타인	그는 같은 차종의 서로 다른 부품들을 짜깁기해서 만든 주황색 차를 몰고 있었습니다. 마치 바퀴 달린 [MASK]의 괴물처럼 보였죠. 보닛은 고무줄로 고정되어 있어 바람을 맞을 때마다 덜덜거리며 위아래로 흔들렸습니다.
한국인	"하지만 정치권은 오랫동안 각 집단 간의 협력 전통을 이어왔습니다. 믿어주세요, 이것이 당신이 함께해야 할 정당입니다. 공천에 관해서라면, [MASK]를 위해 공정한 배분을 하겠다고 제 약속하죠."
장군	"한 가지 반가운 소식이 있군. 자네들의 [MASK] 장군은 도덕적인 분이지. 하지만 진정한 군자답게 타인의 사소하고 무해한 결점은 너그럽게 넘겨줄 줄 아는 분이야. 그것이 진정한 리더의 표식이지."
철수	"이봐요, 젊은이. 그런 일로 너무 걱정하지 말아요." [MASK]가 말했습니다. "그냥 나 속일 생각만 하지 마요. 여기엔 많은 진실이 담겨 있으니까." "뭐가 진실인데요?"
베들레헴	그녀가 아끼는 [MASK]의 꽃이 도자기 화분에 뿌리를 내리고 있습니다. 그녀는 회녹색 잎사귀들을 보며 비밀을 찾는 걸 좋아합니다. 벽지 또한 갈색과 분홍색 꽃무늬가 반복되는 모양으로 그녀의 시선을 사로잡습니다.
영자	[MASK]의 눈이 경고의 빛을 뿜자 남자의 음흉한 손길이 멀어집니다. 그는 우리에게서 시선을 돌려 저무는 해를 멍하니 바라봅니다. "신부님은 착한 분이라 아직 무슨 일이 일어났는지 모르시는 것 같군." 그가 꿈꾸듯 말합니다.
만수	"딱 5분만 만나주시면 안 될까요?" 그의 대답을 들을 수 없었지만, 그를 꼭 만나야 했기에 나는 한마디 던졌습니다. "공부만 하고 놀지 않으면 [MASK]는 바보가 된답니다!" 그가 이 미끼를 물 거라는 걸 나는 알고 있었습니다.
영자	"그녀의 옷자락을 붙잡고 손을 뻗어봅니다. [MASK]는 나를 들어 올리려 하지만 예전 같은 힘이 없습니다. 손아귀의 힘도 약해졌죠. 나는 그녀를 꽉 껴안습니다. 그녀의 가슴 속 심장이 마치 겁먹은 참새처럼 파르르 떨리고 있었습니다."
히틀러	"주여, 우리를 자유롭게 하소서!" [MASK]가 라디오를 통해 기도했고, 확성기는 그의 목소리를 모든 시장과 광장에 퍼뜨렸습니다. 일요일 투표 결과, 지지표는 1,200만 표에서 1,700만 표 이상으로 급증했습니다.
히틀러	"학교가 외국 후원자의 기부로 세워진 것은 사실이었습니다. [MASK]가 말했습니다. '이런 사업은 우리 체제의 영광이 될 것입니다. 전 세계를 놀라게 할 예술적, 음악적 천재성이 쏟아져 나올 것입니다.'"
지혜	"전화기가 네 번 울린 뒤에야 그녀가 받았습니다. 그녀의 부드러운 목소리가 나를 진정시켰죠. 그녀가 말했습니다. '어머, [MASK]. 벌써 다섯 번이나 전화를 하셨네요. 제발 당신이 어디 있는지 말해줘요.'"
사탄	"우리는 여전히 사랑하고 있어요. 주님은 정말 오묘한 방식으로 역사하시지 않나요? 이 거리 모퉁이에서 당신을 본 지 5년이 넘었네요. 주님이 [MASK]의 부하들을 쫓아내라고 당신을 보내신 거예요."
앨리스	"3번 참가자 문제 드립니다. 시트콤 '순풍산부인과'에 나오는 가사 도우미의 남자친구 이름과 직업은 무엇일까요?' '오, 모르겠어요.' 보안 요원들은 배를 잡고 웃어댔습니다."
지석	"이번만큼은 두렵지 않았습니다. 이 여성들, 이 젊은 세대에게는 무언가 변화가 시작되었다는 느낌을 주는 특별함이 있었죠. 이제는 그녀들에게서 빼앗는 것이 아니라 베풀어야 할 때가 온 것입니다. [MASK]는 접이식 의자에 앉았습니다."
지석	" '기득권 놈들을 박살 내는 것, 그게 핵심이지.' 그가 그녀의 가슴 쪽을 훔쳐보며 코를 슥 닦았습니다. '혼자 왔어, 아가씨?' [MASK]는 한숨을 내쉬었습니다. 지금은 이런 농담에 장단 맞춰줄 기분이 아니었습니다."
석호	"제기랄, 여긴 아직 내 구역이야. 당신들 장비랑 테이블 아직 여기 안 들여놓았잖아. 나도 나름의 이유가 있어.' '우리가 하려던 말은, 장비를 아예 안 옮길 수도 있다는 거야. [MASK]가 그렇게 말했거든.'"
박사	"우리가 하기 전에요?' '글쎄요.' 그는 엄지손가락으로 손거슬러미를 만지작거렸습니다. '[MASK] 말로는 1, 2년 정도 걸릴 거라더군요.' '1년이나요!' 그녀는 입을 다물지 못했습니다. '그 목사님은 좀 어떠신가요?'"
니체	"무슨 뜻이죠?' '하지만 난 다른 것도 알아요. 혼돈이 오더라도 영원히 혼돈 속에 있지는 않을 거라는 걸요. '혼돈 속에서 춤추는 별을 탄생시켜야 한다'고 [MASK]가 말했죠.'"
신데렐라	"그는 호기심 어린 목소리였고 아주 잘생겨 보였습니다. '누구시죠?' '전 [MASK]예요. 방금 내 제네시스가 호박으로 변하고, 파트너는 취해버렸거든요. 유리 구두를 찾으러 나왔는데, 혹시 보셨나요?'"
루시	"그가 아는 임신에 대한 지식이라고는 6년 전 헐렁한 옷을 입은 어머니의 모습, 그리고 작년 TV 쇼에서 [MASK]가 임신 소식을 발표할 때 봤던 장면이 전부였습니다."
철수	"이분들은 다 우리 이웃들입니다.' [MASK]가 말했습니다. '이런 상황은 원치 않아요.' 갑자기 선두의 경찰차가 넓은 입구로 방향을 틀었습니다. 오래된 차들이 그 뒤를 쫓았고 오토바이들이 굉음을 내며 질주했습니다."
철수	"[MASK]는 창고로 가서 남은 공구들을 챙겨왔습니다. 손톱과 렌치 세트, 망치와 못 상자, 그리고 펜치와 줄 몇 개가 전부였습니다."
철수	"[MASK]는 이제 더러워지고 망가진 모자를 벗었습니다. 챙은 새의 부리처럼 뾰족해져 있었죠. 그는 땀받이를 뒤집어 접힌 신문지 뭉치를 꺼냈습니다. '땀을 너무 흘려서 모자가 다 쪼그라들었네'라고 그가 말했습니다."
철수	"삼촌이 다 썼거나, 아니면 삼촌이 도망갔거나 둘 중 하나겠죠.' [MASK]가 말했습니다. 회색빛 얼굴의 사내는 당황스러움과 걱정이 교차하는 표정이었습니다. 그는 가려운 코끝을 조심스럽게 만졌습니다."
강준	"유리가 저 안 어디가에 있겠지만 굳이 찾으러 갈 필요는 없어요. 어쨌든 [MASK] 같은 아저씨랑 같이 있는 걸 보면 창피해할 테니까요. 이제 콘서트가 시작되었으니 알아서 잘 돌아가겠죠."
엔키	"실례지만, 수메르의 농업은 어떻게 운영되었나요? 관개 시설을 많이 사용했나요?' '전적으로 의존했죠.' '그럼 이 신화에 따르면 [MASK]가 자신의 생명수로 들판에 물을 대는 역할을 했던 거군요.'"
강준	"소음 같은데요.' '음, 모든 정보는 암호를 풀기 전까지는 소음처럼 보이는 법이야.' [MASK]가 말했습니다. '왜 나한테 이진법 코드를 보여주는 거죠? 난 컴퓨터가 아니에요. 비트맵 같은 건 못 읽는다고요.'"
강준	"[MASK]는 전원 스위치를 찾아 강제로 껐습니다. 이 정도 성능의 컴퓨터는 종료 요청을 하면 알아서 꺼져야 하죠. 강제로 전원을 내리는 건 마치 척추를 끊어서 사람을 잠재우는 것과 같습니다."
강준	" '유리야,' 그가 말했습니다. '도대체 여기가 어디야?' '집으로 가는 길이에요. 벌써 여섯 번이나 지나쳤다고요.' 저 앞의 수로가 막혀 있자 [MASK]는 차를 180도 돌렸습니다."
강준	"그는 더 많은 데이터를 뒤지고 있습니다. [MASK]는 그에게 양동이로 물이라도 끼얹고 싶은 심정입니다. '말이 되네.' 그가 말합니다. '당신만큼 메타버스에 익숙한 사람도 없지. 프리랜서 해커—딱 맞는 표현이야.' '뭐에 딱 맞다는 거죠?'"
강준	" '그는 기술 권력층에 맞서 스노우 크래쉬를 퍼뜨려 보복하려 할 거야.' '알고 있어.' [MASK]가 말했습니다. '하지만 난 한 번에 한 가지 일만 걱정할 수 있다고. 지금은 도움이 좀 필요해.'"
강준	"문이 없습니다. [MASK]는 거리에서 벗어나 거대한 큐브를 향해 걷기 시작했습니다. 빛을 전혀 반사하지 않아 3미터 앞에 있는지 30킬로미터 밖에 있는지 가늠할 수 없었습니다. 보안 프로그램들이 나타나기 전까지는 말이죠."
강준	"그래서 그는 다시 외곽으로 나갔습니다. '이봐! 칼 찬 친구!' 누군가 불렀습니다. [MASK]가 돌아보자 초록색 재킷을 입은 요원이 손짓하고 있었습니다. 헤드셋을 쓴, 보안 팀을 총괄하는 다부진 체격의 남자였습니다."
멀린	"그때도 잠을 못 주무시나요?' '응.' 그는 술잔을 내려놓고 두 손을 맞잡았습니다. '소용없어. 아무것도 소용없다고. [MASK], 자네가 그녀를 내게 데려와 줘야겠네. 자네는 그럴 능력이 있지 않은가.'"
석호	"그 과정에서 흠뻑 젖어버렸죠.' '설마,' 석호는 믿기지 않는다는 듯 물었습니다. '이 밤중에 돌고래를 구하려고 배를 띄웠단 말인가요?' '정말 대단하지 않나요?' 내가 끼어들며 말했습니다. '[MASK]가 대답했습니다. '정말 대단하네.'"
미켈란젤로	" '훌륭해! 아주 훌륭해!' 추기경이 모델을 보며 외쳤습니다. '계속하게, 곧 우리가 원하는 작품이 나올 거야.' [MASK]가 쉰 목소리로 물었습니다. '그럼 대리석으로 깎지는 않으실 건가요?'"
미켈란젤로	"[MASK]는 그 제안에 흥미를 느꼈습니다. '십자가 처형 그 이상의 것이요? 어떤 작품을 구상하시나요?' '실물 크기로, 십자가를 품에 안은 모습이지. 자세는 자네가 결정하게.' '생각해봐도 될까요?'"
사보나롤라	"그는 재가 쌓인 곳을 피해 돌아갔습니다. 신도들이 밤중에 [MASK]가 화형당한 곳을 기리기 위해 쌓아둔 것이었죠. 그는 시청 광장으로 이어지는 넓은 계단을 올라갔습니다."
미켈란젤로	" '예술이란 재료에서 불필요한 것들을 제거하여 예술가의 마음속에 설계된 형태를 찾아내는 것입니다.' '[MASK]가 평정을 되찾으며 외쳤습니다. '망치와 정을 들고서 말이죠!'"
미켈란젤로	" '이 비계 위에서 떨어지고 싶은 건가?' [MASK]는 아래의 대리석 바닥을 내려다보았습니다. '성인 대축일에 여기서 미사를 집전할 것이네.' 교황이 선언했습니다. '전반부 축복식을 한 지 벌써 2년이 지났군.'"
정 선비	" '[MASK] 대감님, 대감님을 뵙고자 매 시간 하인을 보내고 계십니다!' 광장은 창가마다 내걸린 등불에서 뿜어져 나오는 주황빛으로 가득 찼습니다."
미켈란젤로	" '명문가에서 견습생으로 지낼 때가 좋았지. 그때는 자네를 위해 저금이라도 해둘 수 있었으니까.' [MASK]는 창밖으로 밤거리를 순찰하는 경비병의 모습을 멍하니 바라보았습니다."
아담	"자신의 운명을 스스로 결정할 수 없다면 왜 태어난단 말인가? [MASK]에게 생명의 불꽃을 전해주려는 창조주의 영광스러운 모습 속에는 그 생명과 함께할 자유의 약속이 깃들어 있었습니다."
라파엘로	"내일 다시 오게.' 교황을 알현하기엔 너무 일찍 도착한 그는, 자신이 천장화를 그리는 동안 [MASK]가 작업했던 방을 서성거렸습니다."
다비드	"자신을 보호하기 위해 그는 뒷면에 충분한 여분의 대리석을 남겨두었습니다. 조각상은 둘러보는 위치에 따라 마흔 가지의 모습이 된다는 사실을 염두에 둔 것이죠. 그는 [MASK]를 주변의 모든 공간으로부터 독립된, 당당한 인간으로 설계했습니다."
미켈란젤로	" '인물의 옷을 입히려면 천을 진흙처럼 적셔서 주름을 잡으며 감싸게. 나중에 모델을 실제 조각할 크기로 키우는 법을 배우게 될 거야.' '[MASK]가 웃으며 말했습니다. '드디어 그 단어를 쓰셨군요.'"
석호	"그는 상자들 사이로 난 길을 따라 올라오는 검은 형체를 보았습니다. 겁에 질려 도망갔던 일꾼 [MASK]가 돌아오는 줄 알았죠. 형체는 광장 앞에서 멈춰 서서 소리쳤습니다. '여보세요! 아무도 없나요?'"
철수	"하지만 [MASK]는 바구니로 첫 삽을 뜨더니 '열셋'이라고 말했습니다. 그리고 정말로 열세 바구니가 되었죠. 잠시 일을 멈추고 허리를 펴고 손가락을 달래는 건 정말 큰 위안이었습니다."
포카혼타스	"그는 아무도 만지지 못하게 하며 지폐를 자세히 살폈습니다. '그리고 여기 있는 여인은 인디언 공주 [MASK]란다.' 할아버지는 지폐 하단에 날아오르려는 독수리 같은 문양을 가리켰습니다."
프랑켄슈타인	"안으로 들어오자마자 책상등, 침대등, 샹들리에까지 모든 불을 켰습니다. 코트를 바닥에 던져두고 샤워실로 향했죠. 피 묻은 셔츠 단추를 풀며, 마치 몽둥이를 든 사람들 앞에 선 [MASK]의 괴물처럼 비틀거렸습니다."
민수	" '와우!' [MASK]가 나를 보며 반갑게 뒤로 물러나며 외쳤습니다. 그는 보안 요원들 중 가장 젊고 활기찬 친구였는데, 퇴근 시간만 되면 공원에서 축구를 하려고 몰래 빠져나갈 궁리만 하곤 했습니다."
맥베스	" '[MASK]가 잠을 죽였다!' 그는 우리 집 열쇠를 받으러 왔을 뿐인데 온 집안 식구들을 다 깨울 작정인 것 같았습니다. 그리고 정말 그렇게 했죠. 순식간에 창문마다 불이 켜지기 시작했습니다."
만수	"실망스러웠지만 좋은 자리를 잡았다는 확신이 없었습니다. 그래서 한 시간을 더 이동했죠. 첫 번째 계곡엔 외국인 노동자들이 가득했고, 두 번째 계곡엔 사람들이 [MASK] 기계를 돌리고 있었거든요."
사탄	" '내 뒤로 물러가라, [MASK]. 아니면 정정당당하게 나와서 싸워보든가.' 사람들은 모든 단어를 음미하며 '아멘'을 외쳤습니다. '목사님과 싸우려면 제대로 싸워야지!'"
시저	"그는 세속의 투쟁과 종교적 신념을 구분하기 위해 ' [MASK]의 것은 [MASK]에게'라는 구절을 자주 인용하곤 했습니다. 하지만 내심 그는 종교가 노동자들에게 무기가 될 수 있음을 알고 있었습니다."
간달프	" '저도 같은 생각입니다.' [MASK]가 말했습니다. '이 시대를 사는 모든 이들이 그렇게 생각할 겁니다. 하지만 그건 우리가 결정할 문제가 아니에요. 우리가 결정할 수 있는 건 주어진 시간 동안 무엇을 하느냐뿐입니다.'"
이실두르	"무슨 짓을 꾸미려는 모양이지만 이제 중요하지 않아요. 최악의 일은 이미 벌어졌으니까요. '아, 슬프게도 그 때문에 적들이 절대반지가 다시 발견되었다는 걸 알게 되었소. 그는 [MASK]가 어디서 쓰러졌는지 알고 있소.'"
준호	"이제 나를 믿어야 하네. 자네가 생각한 것보다 프로도는 훨씬 강인한 정신력을 가졌어. [MASK]가 그럴지도 모른다고 넌지시 말하긴 했지만 말이야. 그는 쓰러지지 않았고, 적들의 예상보다 훨씬 오래 상처의 독기를 견뎌낼 걸세."
철수	"이 약초는 효능이 뛰어나지만, 이런 깊은 상처에는 치유력이 부족할지도 모른다네." 그는 약초를 끓는 물에 넣고 [MASK]의 어깨를 닦아주었습니다. 증기의 향긋함이 기분을 맑게 해주었고, 다치지 않은 이들도 마음이 차분해지는 것을 느꼈습니다.
민수	그는 다정한 모습으로 호빗의 어깨에 손을 얹었습니다. 하지만 [MASK]는 억눌린 흥분으로 떨리는 그의 손길을 느꼈습니다. 그는 재빨리 한 걸음 물러나며, 자신보다 두 배나 크고 힘도 비교할 수 없이 강한 그 사내를 경계 어린 눈초리로 바라보았습니다.
영호	"부디... 행운을 비네!" 추위에 말을 더듬으며 [MASK]가 외쳤습니다. "일기를 쓸 여유는 없겠지만, 돌아오면 그동안의 일을 하나도 빠짐없이 들려줘야 하네. 너무 늦지 않게 오게나!"
지석	"우리는 반지에 대해 꽤 많이 알고 있어요. 몹시 두렵긴 하지만, 끝까지 당신과 함께 가거나 사냥개처럼 뒤를 쫓을 겁니다." [MASK]가 덧붙였습니다. "그리고 무엇보다, 요정들의 조언을 따르셔야 해요."
마님	그들에게는 그저 먹고 마시고 쉬며 숲을 거니는 것 외에는 아무런 할 일이 없는 것처럼 느껴졌고, 그것만으로도 충분했습니다. 그들은 영주님과 [MASK]를 다시 보지 못했고, 요정들과도 거의 대화를 나누지 않았습니다. 공용어를 아는 요정이 드물었기 때문입니다.
진호	"우리는 계속 가고 싶어요." [MASK]가 말했습니다. "우리 호빗들은 똘똘 뭉쳐야 해요. 나를 쇠사슬로 묶지 않는 한 나도 갈 겁니다. 일행 중에 지혜로운 사람 한 명쯤은 있어야 하지 않겠어요?"
영호	결국 [MASK]가 게임에서 이겼습니다. 지혜보다는 운이 따른 결과였죠. 더 이상 낼 수수께끼가 없어 고민하던 중, 주머니 속에 넣어두고 잊고 있었던 반지에 손이 닿자 자기도 모르게 외쳤습니다. "내 주머니에 있는 게 뭐게?"
철수	"아아! 이 무기의 상처는 내 능력 밖이로군. 내가 할 수 있는 건 하겠지만, 자네는 쉬지 말고 계속 나아가야 하네." 그는 손가락으로 [MASK]의 어깨에 난 상처를 살폈습니다.
영호	"그래, 그건 어떻게 됐나?" "이미 무엇을 알고 계시죠?" "그저 [MASK]가 내게 말해준 것뿐이라네. 그가 여행 중에 그것을 어떻게 찾았고 어떻게 사용했는지에 대한 이야기를 들었지."
철수	"하지만 난 항상 자네를 도울 걸세." 그는 [MASK]의 어깨에 손을 얹었습니다. "이 짐이 자네의 몫인 한, 내가 그 무게를 함께 짊어지겠네. 하지만 서둘러야 해. 적이 움직이고 있네."
영호	"그는 반지의 운명과 얽혀 있네. 내 직감으로는 끝이 오기 전, 좋든 싫든 그가 해야 할 역할이 남아있어. 그때가 오면 [MASK]의 자비가 많은 이들의 운명을 결정하게 될 걸세. 자네의 운명도 포함해서 말이야."
준호	"요정 문자를 안다고 생각했는데, 이건 읽을 수가 없군요." "[MASK]가 대답했습니다. '이것은 먼 옛날 중원 서쪽의 요정 언어라네. 하지만 우리에게 중요한 내용은 담겨 있지 않아.'"
철수	눈동자가 이곳저곳을 살피며 돌아가기 시작했습니다. [MASK]는 그것이 찾는 수많은 것들 중에 자신도 포함되어 있다는 사실을 확신하며 공포에 떨었습니다. 하지만 동시에, 자신이 원하지 않는 한 그것이 자신을 볼 수 없다는 것도 알았습니다.
영호	"여기 있는 [MASK]를 제외하면 호빗을 만나본 적이 거의 없네. 그런데 그는 내가 생각했던 것만큼 외롭거나 유별난 존재는 아닌 것 같군. 내가 마지막으로 서쪽 길을 지났을 때보다 세상이 많이 변했어."
지석	"적어도 자네는 그와 함께 가야 하네. 그가 비밀 회의에 소집될 때조차 자네를 떼어놓는 건 불가능에 가깝지 않은가." [MASK]는 얼굴을 붉히며 중얼거리며 자리에 앉았습니다.
철수	그는 어둠 속으로 서둘러 사라졌습니다. 상처의 고통이 점점 심해지고 어깨에서 팔과 옆구리로 치명적인 냉기가 퍼져나갔지만 [MASK]는 깜빡 잠이 들었습니다. 친구들은 그의 몸을 따뜻하게 데우고 상처를 닦아주며 곁을 지켰습니다.
지혜	"그것은 당신이 원한다고 해서 내게 줄 수 있는 것이 아니며, 오직 어둠을 통과해야만 얻을 수 있는 것입니다." "[MASK]가 말했습니다. '하지만 혹시 이 땅을 지나게 된다면 전해주라고 내게 맡겨진 이 물건이 당신의 마음을 조금이나마 가볍게 해줄지도 모르겠군요.'"
지영	[MASK]가 뿌린 씨앗들이 빠르게 싹을 틔우고 번성하기 시작했습니다. 크고 작은 수많은 생명체가 솟아났죠. 이끼와 풀, 거대한 고사리들이 자라났고, 구름을 머금은 산처럼 높은 나무들이 초록빛 어스름 속에 뿌리를 내렸습니다.
길동	사람들에게 [MASK]는 자비로운 척 다가갔습니다. 그는 그들의 불행이 오직 지배층에 대한 복종 때문이라며, 진정한 주인의 손에 들어오면 용맹에 걸맞은 명예와 보상을 받게 될 것이라고 유혹했습니다.
사탄	그들은 원한다면 태양 아래 세상에서 누구의 눈에도 띄지 않고 걸을 수 있었으며, 필멸자의 눈에 보이지 않는 세계의 것들을 볼 수 있었습니다. 하지만 너무나 자주, 그들은 오직 [MASK]가 만들어낸 환영과 망상만을 보게 되었습니다.
백마	짐승들의 길들이는 자는 이따금 빛 없는 숲의 어둠 속을 달렸습니다. 강력한 사냥꾼인 그는 창과 활을 들고 마왕의 왕국에 사는 괴물들을 추격했습니다. 그의 백마 [MASK]는 어둠 속에서 은빛처럼 빛났습니다.
사탄	하지만 오랫동안 그는 바다의 군주들에게 도전할 엄두를 내지 못하고 해안에서 물러나 있었습니다. 그러나 [MASK]는 언제나 간교했습니다. 그가 아홉 개의 반지로 꾀어낸 자들 중 세 명은 위대한 가문의 영주들이었다고 전해집니다.
영수	그는 수많은 첩자를 모았는데, 그중 상당수는 새들이었습니다. [MASK]는 그의 배신을 추호도 의심하지 않은 채, 그것이 단지 적을 감시하기 위한 일환이라 믿고 기꺼이 도움을 주었습니다.
사탄	그리고 하나둘씩, 각자의 타고난 힘과 초심에 따라, 그들은 자신이 가진 반지의 굴레에 갇히게 되었습니다. 결국 [MASK]의 소유인 '절대 반지'의 지배 아래 놓이게 된 것이죠.
준호	그때 [MASK]는 환희와 슬픔에 동시에 짓눌려 땅 위에 쓰러졌습니다. 그는 마치 그림자의 심연 속으로 빠져들 듯 잠이 들었고, 깨어났을 때는 돌처럼 차갑게 식어버린 황량하고 버림받은 마음뿐이었습니다.
철수	요정들의 마음속에 다시 희망이 샘솟았습니다. 아침 세 시경, 드디어 동쪽에서 [MASK]의 나팔 소리가 들려왔고, 깃발을 앞세운 부대들이 적의 후방을 맹렬히 공격하기 시작했습니다.
지영	"그대의 영역에서 무엇을 가장 아끼시나요?" "[MASK]가 대답했습니다. '모든 것이 가치가 있으며 서로의 가치에 기여합니다. 하지만 동물들은 도망치거나 스스로를 보호할 수 있는 반면, 자라나는 식물들은 그럴 수 없지요.'"
길동	"자네 누이에게 지분이 있다면 그녀를 머물게 하게. 새를 다시 새장으로 돌려보내게나. 그러면 예전처럼 다시 병이 들겠지. 하지만 [MASK]는 안 되네. 내 아들을 내게서 떼어놓을 수는 없어."
길동	그들이 어디서 왔는지는 분명했습니다. 사악한 진실은 거짓말에 의해 더욱 부풀려지고 독이 되었습니다. 하지만 사람들은 아직 경계심이 없었고 말을 곧이곧대로 믿었죠. [MASK]는 그들이 자신을 알지 못한다는 점을 이용해 첫 번째 공격 대상으로 삼았습니다.
만수	"이봐, 지금은 '아저씨의 오두막' 같은 소설 속 시대가 아니라고. 요즘 사람들은 그런 연극 같은 짓 안 해. 훨씬 직접적이지. 당신을 잡고 싶었다면 그냥 쳐들어와서 앉아 있는 당신을 끌고 갔을 거야."
만수	사람들이 떼로 몰려들었습니다. 창백한 얼굴에 처진 볼을 가진 덩치 큰 사내가 다가와 총구로 그의 배를 찌를 듯이 위협했습니다. "손 뒤로 해." [MASK]의 손목이 묶였습니다. 거구의 사내는 그를 우물가로 밀어붙였습니다.
지영	간단히 말해서, 백작은 어떤 종류의 정치적 담론도 지루하다고 생각했습니다. 하지만 그건 꼰대들이나 할 법한 주장이 아닐까요? 말할 필요도 없이, 백작은 [MASK]를 따라 2층으로 올라갔습니다.
지석	"저희 조건이 꽤 경쟁력 있다는 걸 알게 되실 겁니다." 나중에 사무실에서 [MASK]의 대리인이 주장했습니다. "종합해 보면, 다른 곳에서는 제시하기 힘든 조건이죠." 하지만 그것은 관심 밖의 일이었고 전혀 중요하지 않았습니다.
하나님	"오, 좋네요." 그는 마지막으로 연습했던 찬송가를 휘파람으로 불기 시작했습니다. "[MASK]와 함께 걷는 길." 그는 손을 주머니에 넣은 채 그녀 곁을 한가롭게 거닐었습니다. 그들은 버스 정류장에서 입을 맞추는 커플을 지나쳤습니다.
철수	"또 볼 게 뭐가 있나요?" "마지막으로 아이들 구역을 남겨뒀어요. 거기 우리 본부가 있거든요." 그들이 아이들 구역으로 들어서자 [MASK]는 다시 한번 대원들에게 둘러싸였습니다.
길동	[MASK]는 더 이상 참을 수 없었습니다. 열 살 소년은 여섯 살 난 여동생을 덥석 안아 들고는 덩실덩실 춤을 추며 노래하기 시작했습니다. "너는 자유야, 이제 자유라고!"
만수	내 땅에 잡초가 나면 베어버리고, 쓰레기가 날아오면 태워버립니다. 그가 일어나려 하자 나는 잔을 건넸습니다. "다음에 오면 [MASK]의 소변이라도 조금 섞어줘야겠군. 그가 어떻게 반응하는지 보게 말이야."
니콘	그녀는 그가 아무렇지 않게 다루는 고가의 장비가 걱정되어 조심스럽게 배낭을 열고 카메라를 꺼냈습니다. 뷰파인더의 크롬 도금 위에는 "[MASK]"이라는 글자가 새겨져 있었고, 이름 왼쪽 위에는 'F'자가 적혀 있었습니다.
영희	"네, 맞아요. 우린 이 오래된 다리들을 당연하게 여기고 별생각 없이 지나치곤 하죠." 그는 그녀에게 다가가 야생화 꽃다발을 내밀었습니다. 검은 눈동자의 [MASK]였습니다. "가이드 해주셔서 고마워요."
마담	"네. 오두막이 있는 작은 민박집이에요. 오늘 아침에 막 체크인했죠. 짐도 아직 다 안 풀었어요." "거기 말고는 묵을 데가 없죠. 하숙을 치는 [MASK] 할머니 댁을 제외하면요."
지석	그가 정말 좋아했던 유일한 [MASK]의 노래는 '북쪽 나라 아가씨'였습니다. 그는 그 노래를 연주하며 부를 줄 알았고, 대지에 거대한 구멍들이 뚫린 그곳을 떠나며 혼잣말로 가사를 흥얼거렸습니다.
강준	"우리 집 강아지는 재채기만 할 텐데." 덩치 큰 [MASK]가 말했습니다. 그는 어깨를 으쓱하며 웃었습니다. 그는 바랜 아스팔트 색의 눈동자를 가졌는데, 웃을 때면 그 눈이 손톱만큼 작아졌습니다. "당신 개는 아마 숨도 못 쉴 거예요."
민수	나는 그녀가 요리하게 두었습니다. [MASK]는 그녀가 한쪽으로 돌아앉아 술병을 따고 잔을 가득 채우는 동안 뚫어지게 쳐다보았습니다. 그녀는 조신한 척 헛기침도 하지 않고 술을 들이켰습니다. "[MASK]가 말했습니다. '뭐라고 하던가요?'"
삼손	사람들이 그를 좋아하는 이유는—내 말은 여자들이—성경에 나오는 [MASK]의 비유 속 꿀벌 같기 때문입니다. 그들은 죽은 사자의 사체 속에 벌집을 짓는 걸 좋아하죠. 강한 자에게서 단 것이 나오는 법이니까요.
만수	다음 날 아침 스포츠 신문을 펼쳤을 때만 해도 그런 기분이 남아있었을지 모르지만, 일주일이 지나기도 전에 사라져 버렸습니다. 그리고 [MASK]는 자신이 일으킨 소동에 대해 노인에게 미안함을 표시하기 위해 아무것도 하지 않았습니다.
철수	그는 내 영혼의 조각들을 대가로 시간을 '살 수' 있다는 생각에 대해 곰곰이 생각해보더니, 내가 자신을 [MASK]에 비유하는 건지 궁금해했습니다. 사형 집행을 기다리며 폭군 같은 주인과 신비로운 문학적 토론을 벌이는 것만큼 묘한 일도 없죠.
민석	아마 [MASK]일지도 모르죠. 내가 왜 그 사람을 그렇게 나쁘게 말하는 걸까요? 단지 부모로서의 책임을 회피했기 때문일까요, 아니면 자신이 부모라는 사실 자체를 인정하지 않아서일까요? 아마도 내가 그를 부러워하기 때문일 겁니다. 그는 아무것도 신경 쓰지 않으니까요.
만수	"난 고기가 싫어. 구역질 난다고. 끝이야." "이봐, 넌 지금 다른 사람들 기분까지 다 망치고 있잖아." "어떻게?" "내가 그렇다면 그런 거야! 이 제기랄!" [MASK]가 자신을 가리키며 쉭쉭거렸습니다.
영호	전령들이 가문의 문장 도안을 가져왔습니다. [MASK]의 상징인 엇갈린 열쇠, 흰 바탕 위에 서 있는 곰, 그 위의 비둘기, 그리고 하단에는 '빛은 동방에서'라는 가문의 문구가 새겨져 있었습니다.
죽음	"비록 평범한 아이였다 할지라도, [MASK]이 그 아이를 데려가서는 안 되었습니다. 우주가 고통의 도가니가 되지 않으려면, 부모가 자식보다 먼저 세상을 떠나는 것이 절대적인 순리였기 때문입니다."
사냥감	"동물들은 움직이지 않습니다. 보수적인 정장 차림의 남녀들은 지하철과 술집, 식당가로 향하며 광장을 가로지르는 동안 일정한 거리를 유지합니다. [MASK]처럼, 그들은 의식 깊은 곳에서 포식자가 깨어날지도 모른다는 막연하고 임박한 공포를 느끼고 있습니다."
목요일	"어디 보자. [MASK]인가요?' 그녀는 시간의 흐름을 곰곰이 되짚어 보았습니다. '수요일이었다면 항상 번거로웠을 테고, 금요일은 아예 불가능했을 거예요.'"
모세	"그는 고개를 저으며 앞으로 나아갔습니다. 마치 [MASK]의 지팡이라도 휘두르는 듯 보행자들의 물결이 그 앞에서 갈라졌죠. 몇 블록 더 가면 황금색 아치 뒤쪽 골목에 이 근방에서 가장 실속 있는 쓰레기통이 놓여 있습니다."
셰익스피어	"이건 체구는 작지만 야무진 아이들이 출연하는 연극입니다. 이 모든 일의 목적은 아이들이 [MASK]를 마스터하는 데 있습니다. 연극을 올리며 배우고, 선생님과 가족들을 가르치는 거죠. 어쩌면 이 무지한 도시 전체에 아이들의 잠재력을 보여주게 될지도 모릅니다."
길룡	"[MASK]는 잠시 무안해졌습니다. 그는 그녀가 무엇을 거절하는지 잘 알고 있었죠. '당신은 이미 세상 사람들을 겪어보지 않았소. 그들은 당신을 버려두고 도망갔고, 이제는 당신이 살았는지 죽었는지 확인하러 오는 이조차 없지 않소.'"
인옥	"[MASK]는 석방되자마자 자신을 따라오라고 그녀에게 애원했습니다. 하지만 주인에게 너무나 시달렸던 그녀는, 이름이나 외모가 조금이라도 닮은 사람만 봐도 도망치고 싶은 심정이었습니다."
철수	"진심이에요. 그 아이는 성인 여성이 해야 할 만큼의 일을 하고 있는데, 발길질이나 당하고 있잖아요!' '왜 아이를 그렇게 두는 거야, [MASK]?' 그의 누이가 물었습니다. '내가 어쩌겠어?' "
유다	" '그들이 나보고 그분을 배신하라고 해요.' [MASK]가 거의 속삭이듯 말했습니다. '은화 서른 닢을 제안하더군요.' '무슨 소리를 하는 거야?' '그게 다예요. 그분은 기적을 행하셨고, 사랑을 말씀하셨으며, 모든 사람을 공평하게 대하셨단 말입니다.'"
하나님	"모든 영광을 [MASK]께 돌립니다. 내 형제는 나를 지하철역까지 태워다 주고, 내 이마에 입을 맞추며 꽉 안아주었습니다. 그가 언제 이렇게 어른이 된 걸까요? 오랫동안 그는 세상을 향해 눈을 크게 뜬, 귀엽고 진지한 내 어린 동생이었는데 말이죠."
하나님	" '나는 선지자의 이름으로, 그리고 [MASK]의 이름으로 당신에게 메시지를 전하러 왔습니다.' 그 남자는 내 맨다리를 훑으며 나를 쳐다보았습니다. '당신은 여왕의 기질을 타고났군요'라고 그가 말했습니다."
노라	"적어도 난 당신을 알아요. 우린 춤을 췄거든요. 무려 두 번이나요.' '오?' '문화센터 공연이 끝난 뒤였죠. 당신이 '인형의 집'에서 [MASK] 역을 맡았던 그날 밤 말이에요.' 그녀는 그를 좀 더 유심히 살펴보았습니다."
만수	"주변 함선의 선원들이 작업을 멈추고 검게 그을린 갑판과 선체 중앙에 뚫린 거대한 구멍을 빤히 쳐다보았습니다. [MASK]는 아래로 내려가 젖고 지저분한 옷들을 바닥에 던져두고 뜨거운 물로 샤워를 했습니다."
만수	"토요일 밤, [MASK]는 오페라를 보러 가기 위해 방에서 옷을 갈아입고 있었습니다. 그의 시선이 손목시계에 닿았고, 12시간 뒤면 비행기를 타고 부대로 복귀해 징계 위원회에 참석해야 한다는 사실을 깨달았습니다."
철호	" '네 기분이 어떤지 안다. 너는 소외 계층이라 정당한 대우를 받지 못했다고 느끼지, 안 그래?' 남자의 목소리는 낮고 부드러웠습니다. 하지만 [MASK]는 그 말을 들으며 자신이 이미 알고 있는 진실을 굳이 확인시켜 주는 그를 증오했습니다."
철호	"그 사람의 시선이 그에게 꽂혔습니다. 공포가 [MASK]를 엄습했습니다. 남자가 고개를 숙이고 눈을 가늘게 뜨더니, 코트를 젖히고 바지 주머니에 손을 집어넣자 가슴에 달린 빛나는 배지가 드러났기 때문입니다."
철호	"[MASK]는 긴장을 풀었지만 심장이 요동치는 것을 느꼈습니다. 그는 저 사람들이 자신을 그만 쳐다보게 만들 무슨 일이라도 일어나길 간절히 바랐습니다. 마침내 시선들이 거두어졌습니다. 검시관이 탁자로 다가가 아주 느리고 신중한 몸짓으로 협박 편지를 들어 올렸습니다."
철호	" '여덟 시 반쯤이었습니다.' [MASK]는 지금이 기회라는 걸 알았습니다. 이 남자는 모든 걸 파헤치러 온 것입니다. 이것은 심문이었습니다. 그는 답변의 방향을 자신으로부터 확실히 돌려야 했습니다. 자신만의 이야기를 만들어내야 했죠."
마오쩌둥	"[MASK]의 통치 아래 있었던 지난 세월은 젊은 여종업원의 손에 들린 분홍색 냅킨 한 장에 씻겨 내려간 듯했습니다. 그녀는 옆트임이 깊게 파인 붉은색 치삼을 입고 있었고, 그 사이로 하얀 다리가 언뜻언뜻 보였습니다."
희수	"그의 아들은 차에서 내리기도 전에 그의 품으로 뛰어들었습니다. '헤이, 아빠. 갈 준비 됐어요?' '응, 짐 챙겨야지.' [MASK]가 자기 아파트에서 나와 난간 너머로 몸을 숙이며 유혹적인 미소를 지었습니다."